id,reservoir_name,dam_name,station_name,station_type,country,commission_year,status,dam_height_m,dam_length_m,max_area_km2,min_area_km2,normal_area_km2,max_capacity_mcm,min_capacity_mcm,normal_capacity_mcm,average_depth_m,dam_crest_elevation_m,reservoir_normal_elevation_m,reservoir_minimum_elevation_m,water_head_m,design_flow_m3s,power_mw,main_use,second_use,longitude,latitude,dynamic_id,dup_group
1,Lower Sesan 2,Lower Sesan II,SEAWEA_UNKNOWN,SEAWEA_UNKNOWN,Cambodia,2017,Operational,75.0,7729.0,297.3715368,242.7875581,252.76580628,2348.304461,1628.968492,1790.0,5.4,-999.9,-999.9,83.0427359,-999.9,-999.9,400.0,Hydropower,Flood control,106.256674,13.552205,83.0,
6,Xe Namnoy Dam,Xe Pian Xe Nam Noy,SEAWEA_UNKNOWN,SEAWEA_UNKNOWN,Laos,2019,Operational,73.7,1600.0,40.57826571,10.97605441,34.491525853499994,829.2789795,109.3788326,704.887132575,38.1,-999.9,-999.9,764.3566349,-999.9,-999.9,410.0,Hydropower,SEAWEA_UNKNOWN,106.605648,15.026481,179.0,
8,Theun-Hin Boun Expansion,Nam Gnouang,SEAWEA_UNKNOWN,Storage,Laos,2013,Operational,70.0,470.0,107.3876706,56.2284043,79.0,2355.120632,594.070803,2001.8525372,2.4,-999.9,-999.9,435.4032627,-99.0,-999.9,280.0,Hydropower,SEAWEA_UNKNOWN,104.635417,18.297448,167.0,
9,Nam Chiane 1,SEAWEA_UNKNOWN,SEAWEA_UNKNOWN,SEAWEA_UNKNOWN,Laos,2018,Operational,93.0,294.5,322.0,-999.9,322.0,14.0,-999.9,14.0,-999.9,-999.9,1040.0,-999.9,600.0,11.43,104.0,Hydropower,SEAWEA_UNKNOWN,103.52122,19.06521,,
11,Nam Mang 3,Nam Mang 3,Nan Mang 3,Storage,Laos,2004,Operational,28.0,436.0,10.2,6.919885163,10.2,58.0,25.33099682,49.3,47.7,750.0,742.0,742.0,543.0,9.22,40.0,Hydropower,Irrigation,102.768653,18.35067,106.0,
12,Sayaboury Dam (Xayaburi),Xayaburi,SEAWEA_UNKNOWN,SEAWEA_UNKNOWN,Laos,2019,Operational,33.0,820.0,225.0,63.4860455,191.25,1072.219945,868.1335785,911.38695325,49.7,-999.9,270.0,278.3912404,24.0,6018.0,1260.0,Hydropower,SEAWEA_UNKNOWN,101.817244,19.245256,175.0,
13,Nam Ngiep 1,Nam Ngiep I,SEAWEA_UNKNOWN,SEAWEA_UNKNOWN,Laos,2019,Operational,167.0,530.0,67.94831658,42.1455593,66.9,1200.0,1200.0,1200.0,20.5,323.5,296.0,307.9052624,130.9,-999.9,562.0,Hydropower,SEAWEA_UNKNOWN,103.52405,18.646599,108.0,
342,Nam Ngum 1,Nam Ngum,Nam Ngum 1,Storage,Laos,1972,Operational,75.0,468.0,502.2793384,320.0,370.0,7030.0,4700.0,7030.0,16.1,-999.9,212.0,181.4126742,45.5,-999.9,155.0,Hydropower,SEAWEA_UNKNOWN,102.5491,18.531233,110.0,
349,Ubol Ratana,Ubol Ratana,SEAWEA_UNKNOWN,Storage,Thailand,1966,Operational,35.0,880.0,410.0,300.0,410.0,2300.0,1761.0,2263.0,7.4,-999.9,-999.9,168.544793,-99.0,-999.9,25.2,Irrigation,Irrigation,102.617817,16.772725,171.0,
350,Lam Pao,Lam Pao,SEAWEA_UNKNOWN,SEAWEA_UNKNOWN,Thailand,1969,Operational,33.0,7800.0,300.0,119.5587366,240.0,2450.0,1400.0,1430.0,7.1,-999.9,-999.9,161.0606153,-999.9,-999.9,-99.0,Irrigation,SEAWEA_UNKNOWN,103.453125,16.603534,75.0,
358,Noi,Sirindhorn,SEAWEA_UNKNOWN,Storage,Thailand,1971,Operational,42.0,940.0,288.3,230.0,288.3,2000.0,1135.0,1966.0,8.5,-999.9,-999.9,137.4859969,-99.0,-999.9,36.0,Hydropower,Irrigation,105.430544,15.205083,150.0,
1785,Manwan,Manwan,Manwan,Storage,China,1995,Operational,126.0,418.0,25.22459534,19.95166896,21.440906039,732.8967879,555.9123374,622.962269715,25.0,-999.9,-999.9,992.2870498,69.3,-999.9,1605.0,Hydropower,SEAWEA_UNKNOWN,100.448067,24.623123,92.0,
1906,Nam Pung,Nam Pung,SEAWEA_UNKNOWN,Storage,Thailand,1965,Operational,40.0,1719.0,21.0,0.3,21.0,165.5,156.8,165.5,10.5,-999.9,-999.9,275.6858856,-99.0,-999.9,6.3,Hydropower,SEAWEA_UNKNOWN,103.976042,16.972114,120.0,
1920,Pak Mun,Pak Mun,Pak Mun,Run of River,Thailand,1990,Operational,17.0,324.0,73.68412589,38.72279491,62.6315070065,229.0,118.0,229.0,2.6,-999.9,-999.9,110.3774448,11.6,-999.9,136.0,Hydropower,Irrigation,105.467708,15.279676,131.0,
1923,Houay Ho Dam,Houayho,Houay Ho,Storage,Laos,1999,Operational,76.0,-99.0,27.89911257,17.84306982,23.7142456845,649.0,508.0,596.0,21.0,883.0,867.0,861.0,775.5,22.0,157.0,Hydropower,SEAWEA_UNKNOWN,106.765135,15.059528,37.0,
1926,Lamtakhong,Lamtakhong,Lam Ta Khong,Pumped Storage,Thailand,1969,Operational,40.0,251.0,39.438433,1.4,37.0,445.0,64.21231031,310.0,11.6,-999.9,-999.9,265.1940161,-999.9,-999.9,1000.0,Irrigation,SEAWEA_UNKNOWN,101.560159,14.863445,78.0,
1929,Lamnangrong,Lamnangrong,SEAWEA_UNKNOWN,SEAWEA_UNKNOWN,Thailand,1982,Operational,23.0,1500.0,24.5,0.5,24.5,196.67,20.84709805,150.0,13.0,-999.9,-999.9,230.2454168,-999.9,-999.9,-99.0,Irrigation,SEAWEA_UNKNOWN,102.765925,14.300292,76.0,
1930,Yali Falls,Yali,Ialy,Storage,Vietnam,2001,Operational,69.0,1190.0,56.02875446,31.0167533,47.624441291,775.073721,473.9114412,658.8126628499999,22.9,-999.9,-999.9,502.7477219,180.0,-999.9,720.0,Hydropower,Irrigation,107.832322,14.230762,182.0,
4896,Haixihai,Haixihai,SEAWEA_UNKNOWN,SEAWEA_UNKNOWN,China,1995,Operational,21.0,91.5,4.288881228,3.613038752,4.0,61.9,41.9,61.9,15.7,-999.9,-999.9,2125.516882,-999.9,-999.9,61.9,Irrigation,Irrigation,99.978125,26.290762,34.0,
4902,Zibihe,Zibihe,SEAWEA_UNKNOWN,SEAWEA_UNKNOWN,China,1981,Operational,-99.0,-99.0,9.480499357,7.97,8.05842445345,95.54978735,11.0,93.2,11.9,-999.9,-999.9,2044.184287,-999.9,-999.9,93.2,Irrigation,Irrigation,99.955536,26.136007,185.0,
5084,Nam Leuk,Nam Leuk,Nam Leuk,Storage,Laos,2000,Operational,45.0,800.0,12.8,6.403858592,12.8,185.0,154.0,185.0,20.1,411.5,388.0,388.0,46.5,-999.9,60.0,Hydropower,SEAWEA_UNKNOWN,102.946765,18.439659,105.0,
5107,Chulabhorn,Chulabhorn,Chulabhorn,Storage,Thailand,1972,Operational,70.0,700.0,12.0,0.5,12.0,188.0,144.5,188.0,27.1,-999.9,-999.9,745.3411321,-99.0,-999.9,40.0,Hydropower,Irrigation,101.650246,16.53714,18.0,
5119,Lamphraphloeng,Lamphraphloeng,SEAWEA_UNKNOWN,SEAWEA_UNKNOWN,Thailand,1967,Operational,49.0,575.0,13.1,0.8,13.1,242.0,15.93062369,152.0,15.7,-999.9,-999.9,255.0524574,-999.9,-999.9,-99.0,Irrigation,SEAWEA_UNKNOWN,101.839349,14.592853,77.0,
6576,Krong Buk Ha,Krong Buk Ha,SEAWEA_UNKNOWN,SEAWEA_UNKNOWN,Vietnam,2014,Operational,35.0,2042.0,11.76979434,7.752555072,10.1,122.7048078,59.69767549,110.0,10.9,-999.9,-999.9,478.3999226,-999.9,-999.9,-99.0,Irrigation,SEAWEA_UNKNOWN,108.370289,12.778758,72.0,
6957,Nakai,Nam Theun 2,Nam Theun 2,Storage,Laos,2010,Operational,39.0,436.0,431.2597564,260.5851714,366.57079294,5513.22063,2229.026288,3210.0,7.8,-999.9,538.0,530.0,348.0,-999.9,1070.0,Hydropower,Irrigation,104.952263,17.99679,123.0,
6959,Nam Ngum 2,Nam Ngum 2,Nam Ngum 2,Storage,Laos,2011,Operational,185.0,470.0,122.0,75.39522769,100.0,6774.0,2573.474807,4230.0,45.2,-999.9,378.0,355.5040219,146.0,-999.9,615.0,Hydropower,SEAWEA_UNKNOWN,102.77657,18.753615,111.0,
6960,Nam Ngum 5,Nam Ngum 5,Nam Ngum 5,Storage,Laos,2012,Operational,104.0,258.0,15.0,2.98911166,14.8,-999.9,40.71423359,314.0,71.2,1104.5,1100.0,-999.9,337.0,21.14,120.0,Hydropower,SEAWEA_UNKNOWN,102.620386,19.355319,112.0,
6961,Xekaman 1 Dam,Xe Kaman 1,SEAWEA_UNKNOWN,SEAWEA_UNKNOWN,Laos,2015,Operational,120.0,235.0,124.2767496,102.2619602,105.63523716,5017.881137,3526.518419,4265.19896645,31.8,230.0,230.0,218.0,-99.0,-999.9,290.0,Hydropower,SEAWEA_UNKNOWN,107.159768,14.960122,176.0,
6962,Xekaman 3 Dam,Xe Kaman 3,Xekaman 3,Storage,Laos,2013,Operational,100.0,540.0,5.251,3.436891881,5.0,148.4945389,76.43749617,141.0,34.3,960.0,960.0,925.0,515.0,-999.9,250.0,Hydropower,SEAWEA_UNKNOWN,107.36143,15.425985,177.0,
6989,Dachaoshan,Dachaoshan,Da Chao Shan,Storage,China,2002,Operational,115.0,461.0,25.74055908,20.83304742,21.879475218,719.7408323,491.1878776,611.779707455,46.0,-999.9,-999.9,888.6501504,72.5,-999.9,1350.0,Hydropower,SEAWEA_UNKNOWN,100.368647,24.027054,20.0,
7029,Gongguoqiao,Gongguoqiao,Gong Guo Qiao,Storage,China,2012,Operational,105.0,356.0,12.90244527,10.66822021,10.9670784795,316.0,120.0,316.0,32.8,-999.9,-999.9,1300.236354,58.0,-999.9,750.0,Hydropower,SEAWEA_UNKNOWN,99.335411,25.585622,31.0,
7089,Buon Tua Srah,Buon Tua Srah,Buon Tua Srah,Storage,Vietnam,2007,Operational,80.0,-99.0,34.83035737,21.64927884,31.76,763.1078981,437.9498991,648.641713385,24.9,-999.9,-999.9,479.4580049,-99.0,-999.9,86.0,Hydropower,Irrigation,108.043697,12.281214,15.0,
7090,Buon Kuop,Buon Kuop,Buon Kuop,Storage,Vietnam,2009,Operational,34.0,-99.0,6.921670989,5.545867141,6.82,71.59993165,57.87394399,63.0,9.3,-999.9,-999.9,412.8772339,98.5,-999.9,280.0,Hydropower,Irrigation,107.926265,12.530393,14.0,
7095,Ea Soup Thuong,Ea Soup Thuong,SEAWEA_UNKNOWN,SEAWEA_UNKNOWN,Vietnam,2004,Operational,26.0,2020.0,15.28539162,7.653561228,15.0,112.9627726,37.76271802,96.01835671,11.4,-999.9,-999.9,220.0053597,-999.9,-999.9,-99.0,Irrigation,SEAWEA_UNKNOWN,107.935443,13.039576,28.0,
7111,Jinghong,Jinghong,Jing Hong,Storage,China,2009,Operational,108.0,619.0,33.8130358,28.32635592,28.74108043,1139.0,249.0,1139.0,45.8,-999.9,-999.9,597.8763094,-99.0,-999.9,1500.0,Hydropower,SEAWEA_UNKNOWN,100.764486,22.052102,60.0,
7129,Plei Krong,Plei Krong,PleiKrong,Storage,Vietnam,2006,Operational,71.0,495.0,46.75711229,33.71455016,43.95,1049.0,948.0,1049.0,24.0,-999.9,-999.9,561.1615094,57.5,-999.9,100.0,Hydropower,Irrigation,107.864439,14.40999,134.0,
7131,Sesan 4,Se San IV,Se San 4,Storage,Vietnam,2008,Operational,74.0,834.0,52.68635111,42.29269388,44.7833984435,786.1730728,558.5919252,668.24711188,16.9,-999.9,-999.9,215.3210376,-999.9,-999.9,360.0,Hydropower,Irrigation,107.497264,13.968156,145.0,
7160,Nuozhadu,Nuozhadu,Nuozhadu,Storage,China,2014,Operational,262.0,628.0,315.0887252,215.3885331,267.82541642,21360.07131,13068.08731,18156.0606135,96.5,-999.9,-999.9,776.1090282,187.0,-999.9,5850.0,Hydropower,SEAWEA_UNKNOWN,100.429623,22.640879,130.0,
7209,Xiaowan,Xiaowan,Xiaowan,Storage,China,2012,Operational,294.0,893.0,213.3651545,131.4955882,190.0,15043.0,9895.0,15043.0,97.7,-999.9,-999.9,1196.170457,216.0,-999.9,4200.0,Hydropower,SEAWEA_UNKNOWN,100.093825,24.706595,180.0,
7390,Miaowei,Miaowei,SEAWEA_UNKNOWN,SEAWEA_UNKNOWN,China,2016,Operational,131.0,577.0,20.19044383,17.32317489,17.32317489,784.5332965,599.5176365,660.0,44.6,-999.9,-999.9,1401.133252,-999.9,-999.9,1400.0,Hydropower,SEAWEA_UNKNOWN,99.161352,25.855159,93.0,
7400,Nam Theun 1 Dam,Nam Theun I,SEAWEA_UNKNOWN,SEAWEA_UNKNOWN,Laos,2021,Operational,177.0,722.0,49.02248202,34.84074396,41.669109717,2571.653032,1639.122844,2185.9050772,4022.7,297.0,-999.9,240.0,140.0,-999.9,650.0,Hydropower,SEAWEA_UNKNOWN,104.146278,18.351192,122.0,
7404,Nam Ngiep 2,Nam Ngiep II,Nam Ngiep 3A,SEAWEA_UNKNOWN,Laos,2015,Operational,70.0,110.0,5.893592454,3.763155423,5.5,172.3230545,71.38053803,152.0,31.6,-999.9,-999.9,853.0339984,151.3,-999.9,44.0,Hydropower,SEAWEA_UNKNOWN,103.283656,19.24375,109.0,
10199,Huai Luang,Huai Luang,SEAWEA_UNKNOWN,SEAWEA_UNKNOWN,Thailand,1984,Operational,12.5,-99.0,3.2,-99.0,3.2,135.57,-99.0,135.57,15.9,-999.9,-999.9,-999.9,-999.9,-999.9,-99.0,Water supply,SEAWEA_UNKNOWN,102.594237,17.368812,,
18985,Sanshao,Unknown 1,SEAWEA_UNKNOWN,SEAWEA_UNKNOWN,China,1958,Operational,-99.0,-99.0,0.57,-99.0,0.57,-99.0,-99.0,119.6,14.9,-999.9,-999.9,-999.9,-999.9,-999.9,-99.0,Irrigation,Water supply,100.335351,25.493608,,
20082,Ximahe,Ximahe,SEAWEA_UNKNOWN,SEAWEA_UNKNOWN,China,1956,Operational,-99.0,-99.0,9.49,-99.0,0.61,420.0,-99.0,420.0,15.2,-999.9,-999.9,-999.9,-999.9,-999.9,-99.0,Irrigation,SEAWEA_UNKNOWN,100.986458,22.785417,,
21996,Nong Han,SEAWEA_UNKNOWN,SEAWEA_UNKNOWN,SEAWEA_UNKNOWN,Thailand,1993,Operational,-99.0,-99.0,-99.0,-99.0,73.0,-99.0,-99.0,1874.4,14.1,-999.9,-999.9,-999.9,-999.9,-999.9,-99.0,Hydropower,Irrigation,104.280208,17.153727,,
36945,Guoduo,Guoduo,SEAWEA_UNKNOWN,SEAWEA_UNKNOWN,China,2016,Operational,93.0,235.5,5.440986096,3.414762962,4.6248381815999995,152.2338978,66.08684641,83.0,16.8,-999.9,-999.9,3417.575362,-999.9,-999.9,160.0,Hydropower,SEAWEA_UNKNOWN,97.188572,31.532583,33.0,
38718,Dahuaqiao,Dahuaqiao,SEAWEA_UNKNOWN,SEAWEA_UNKNOWN,China,2022,Operational,106.0,231.5,10.28973003,8.793209523,8.793209523,326.1842841,233.7686729,293.0,16.1,-999.9,-999.9,1474.594686,-999.9,-999.9,920.0,Hydropower,SEAWEA_UNKNOWN,99.14375,26.30625,21.0,
38758,Luozhahe 1,Luozhahe 1,SEAWEA_UNKNOWN,SEAWEA_UNKNOWN,China,2016,Operational,59.0,-99.0,-99.0,-99.0,2.0,14.33,-99.0,14.3,16.4,-999.9,-999.9,-999.9,-999.9,-999.9,30.0,Hydropower,SEAWEA_UNKNOWN,100.450913,24.505796,,
39220,Dak Psi 4,Dak Psi 4,Dak Psi 4,Run of River,Vietnam,2010,Operational,-99.0,-99.0,-99.0,-99.0,-99.0,-99.0,-99.0,-99.0,14.2,-999.9,-999.9,-999.9,-99.0,-999.9,30.0,Hydropower,SEAWEA_UNKNOWN,108.002105,14.76965,,
39224,Houay Lamphan Gnai Dam,Houay Lamphan Gnai,Houay Lamphan Gnai,Storage,Laos,2015,Operational,77.0,557.3,7.944492611,4.802775382,6.75281871935,199.1539552,74.32442637,140.0,17.5,-999.9,828.0,795.0,529.0,-999.9,84.8,Hydropower,SEAWEA_UNKNOWN,106.498213,15.355295,38.0,
39342,Nam Mang 1,Nam Mang 1,SEAWEA_UNKNOWN,SEAWEA_UNKNOWN,Laos,2016,Operational,70.0,280.0,2.5,-99.0,2.5,16.52,-99.0,16.52,15.6,-999.9,-999.9,-999.9,86.0,-999.9,64.0,Hydropower,SEAWEA_UNKNOWN,103.181121,18.473078,,
39343,Nam Lik 2,Nam Lik 1-2,Nam Lik 1-2,Storage,Laos,2010,Operational,103.0,327.84,24.4,-99.0,24.4,1330.0,-99.0,11.0,19.4,-999.9,305.0,275.0,63.0,78.1,100.0,Hydropower,SEAWEA_UNKNOWN,102.117489,18.795679,,
39348,Nam Phay ,Nam Phay,SEAWEA_UNKNOWN,SEAWEA_UNKNOWN,Laos,2016,Operational,56.7,-99.0,-99.0,-99.0,8.92,-99.0,-99.0,-99.0,17.6,-999.9,-999.9,-999.9,720.0,-999.9,86.0,Hydropower,SEAWEA_UNKNOWN,102.776505,19.11166,,3.0
39352,Nam Khan 2,Nam Khan 2,SEAWEA_UNKNOWN,SEAWEA_UNKNOWN,Laos,2015,Operational,136.0,365.0,30.57,20.78974844,30.57,686.0,632.3937035,686.0,18.9,475.0,-999.9,465.0,119.0,67.0,130.0,Hydropower,SEAWEA_UNKNOWN,102.369661,19.679862,101.0,
39354,Nam Khan 3,Nam Khan 3,SEAWEA_UNKNOWN,SEAWEA_UNKNOWN,Laos,2016,Operational,61.0,156.0,7.466138104,4.632196829,7.07,224.0,60.79472389,224.0,17.3,349.0,-999.9,343.0,41.65,176.0,60.0,Hydropower,SEAWEA_UNKNOWN,102.223958,19.746729,102.0,
40278,Krong No 2,SEAWEA_UNKNOWN,Krong No 2 ,SEAWEA_UNKNOWN,Vietnam,2017,Operational,-99.0,-99.0,-99.0,-99.0,-99.0,-99.0,-99.0,9.3,15.1,-999.9,-999.9,-999.9,-999.9,-999.9,30.0,Hydropower,SEAWEA_UNKNOWN,108.356838,12.254908,,
38584,Jinhe,Jinhe,SEAWEA_UNKNOWN,SEAWEA_UNKNOWN,China,2004,Operational,34.0,68.4,-99.0,-99.0,2.31,4.27,-99.0,4.27,-99.0,-999.9,-999.9,-999.9,-999.9,-999.9,60.0,Hydropower,SEAWEA_UNKNOWN,97.332948,30.806065,,
38613,XunCun,XunCun,SEAWEA_UNKNOWN,SEAWEA_UNKNOWN,China,1999,Operational,67.0,165.0,3.128061149,2.164882774,2.65885197665,35.84700079,18.97169585,30.4699506715,-99.0,-999.9,-999.9,1316.624619,-999.9,-999.9,78.0,Hydropower,SEAWEA_UNKNOWN,99.993279,25.421853,181.0,
38640,Huangdeng,Huangdeng,SEAWEA_UNKNOWN,SEAWEA_UNKNOWN,China,2017,Operational,203.0,457.0,35.40134016,27.77602657,30.091139135999995,1740.522121,1219.294055,1613.0,-99.0,-999.9,-999.9,1609.728809,-999.9,-999.9,1900.0,Hydropower,SEAWEA_UNKNOWN,99.116985,26.559238,41.0,
39146,Nam Kong 2 Dam,Nam Kong 2,SEAWEA_UNKNOWN,SEAWEA_UNKNOWN,Laos,2018,Operational,65.0,210.0,5.692178603,3.528203528,4.2,89.63418349,49.29507743,71.4,-99.0,427.0,-999.9,420.0,98.8,76.2,66.0,Hydropower,SEAWEA_UNKNOWN,106.856744,14.494468,103.0,
39185,Xekaman Xanxay Dam,Xekaman-Sanxay,SEAWEA_UNKNOWN,SEAWEA_UNKNOWN,Laos,2018,Operational,28.0,180.0,-99.0,-99.0,-99.0,-99.0,-99.0,7.1,-99.0,123.0,-999.9,122.0,-999.9,-999.9,32.0,Hydropower,SEAWEA_UNKNOWN,107.117143,14.888971,,
39194,Sesan 4A,Se san 4A,Se san 4A,Storage,Vietnam,2011,Operational,31.5,-99.0,1.75,-99.0,1.75,13.13,-99.0,13.1,-99.0,-999.9,-999.9,-999.9,12.2,-999.9,63.0,Hydropower,Flood control,107.464724,13.931154,,
39195,Se San 3A,Se San 3A,Se San 3A,Storage,Vietnam,2007,Operational,35.0,-99.0,7.422643288,6.704497939,6.704497939,88.81518053,72.29531822,80.60000000000001,-99.0,-999.9,-999.9,244.9612633,-99.0,-999.9,108.0,Hydropower,SEAWEA_UNKNOWN,107.657899,14.106402,144.0,
39196,Se San 3,Sesan 3,Se San 3,Storage,Vietnam,2006,Operational,79.0,-99.0,3.556693993,3.247326824,3.247326824,107.6247187,91.84944228,92.0,-99.0,-999.9,-999.9,314.2103397,-99.0,-999.9,260.0,Hydropower,SEAWEA_UNKNOWN,107.721858,14.215329,143.0,
39298,Mong Wa,Mong Wa,SEAWEA_UNKNOWN,Run of River,Myanmar,2017,Operational,51.0,237.4,7.044411528,5.245876028,5.9877497988,101.2775447,54.32734153,64.93,-99.0,-999.9,-999.9,537.9924787,-999.9,-999.9,66.0,Hydropower,SEAWEA_UNKNOWN,100.325923,21.397254,95.0,
39303,Nam Ou 5,Nam Ou 5,SEAWEA_UNKNOWN,SEAWEA_UNKNOWN,Laos,2016,Operational,74.0,-99.0,12.71827942,6.695904974,10.810537507,280.7449134,92.51410877,238.63317638999996,-99.0,-999.9,-999.9,428.8089059,-999.9,-999.9,240.0,Hydropower,SEAWEA_UNKNOWN,102.344401,21.411347,116.0,
39319,Theun-Hinboun Dam,Theun-Hinboun exp.,Theun Hinboun,Run of River,Laos,1998,Operational,65.0,480.0,2900.0,4.82067342,49.0,37.55101367,11.89283411,31.9183616195,-99.0,455.0,-999.9,-999.9,230.0,-999.9,220.0,Hydropower,SEAWEA_UNKNOWN,104.562587,18.260291,166.0,
40265,Srepok 3,SrePok 3,SrePok 3,Storage,Vietnam,2009,Operational,52.5,-99.0,17.01682947,14.35118138,14.4643050495,211.1572522,158.6147312,179.48366437,-99.0,-999.9,-999.9,269.9711715,60.0,-999.9,220.0,Hydropower,SEAWEA_UNKNOWN,107.876878,12.75182,155.0,
40266,Srepok 4,SrePok 4,SrePok 4,Storage,Vietnam,2010,Operational,155.0,860.0,150.0,-99.0,3.75,-99.0,-99.0,25.94,-99.0,-999.9,-999.9,-999.9,21.4,-999.9,80.0,Hydropower,SEAWEA_UNKNOWN,107.855586,12.807774,,
2169,Taurus Tun,Shaba,Shaba,Run of River,China,2008,Operational,23.8,-999.9,-999.9,-999.9,0.22068,-999.9,-999.9,316.0,-999.9,-999.9,-999.9,-999.9,59.0,-999.9,24.0,Hydropower,SEAWEA_UNKNOWN,99.915,25.81333333,,
2353,SEAWEA_UNKNOWN,Weiyuan River,Weiyuan River Jinggu County Simao District,Run of River,China,2009,Operational,-99.0,-999.9,-999.9,-999.9,8.8145,-999.9,-999.9,246.15,-999.9,-999.9,-999.9,-999.9,64.0,-999.9,72.0,SEAWEA_UNKNOWN,SEAWEA_UNKNOWN,100.59,23.1894,,
2464,SEAWEA_UNKNOWN,Diqing Luoma,Yunnan Diqing Luoma Hydroelectric,Run of River,China,2010,Operational,-99.0,-999.9,-999.9,-999.9,-999.9,-999.9,-999.9,-999.9,-999.9,-999.9,-999.9,-999.9,75.0,-999.9,60.0,SEAWEA_UNKNOWN,SEAWEA_UNKNOWN,98.9508,27.9014,,
2499,SEAWEA_UNKNOWN,Puer Mengyejiang Hydro,Yunnan Puer Mengyejiang Hydro,Run of River,China,2013,Operational,-99.0,-999.9,-999.9,-999.9,3.23,-999.9,-999.9,-999.9,-999.9,-999.9,-999.9,-999.9,107.0,-999.9,68.0,SEAWEA_UNKNOWN,SEAWEA_UNKNOWN,99.945,24.3297,,
2527,SEAWEA_UNKNOWN,Yun County Nan River,Yunnan Yun County Nan River,Run of River,China,2009,Operational,-99.0,-999.9,-999.9,-999.9,5.07,-999.9,-999.9,10.08,-999.9,-999.9,-999.9,-999.9,70.0,-999.9,40.0,SEAWEA_UNKNOWN,SEAWEA_UNKNOWN,100.0433,24.3297,,
4056,Don Sahong Dam,Don Sahong,Don Sahong,Run of River,Laos,2020,Operational,25.0,2730.0,115.0,-999.9,2.2,25.0,-999.9,25.0,-999.9,-999.9,72.0,-999.9,20.0,2400.0,260.0,Hydropower,SEAWEA_UNKNOWN,105.964247,13.956223,,
4075,Xe Katam 1-Xe Namnoy 2 HPP,Xe Nam Noy 2 - Xe Katam 1,Xe Namnoy 2 - Xe Katam !,SEAWEA_UNKNOWN,Laos,2016,Operational,-99.0,-999.9,-999.9,-999.9,-999.9,-999.9,-999.9,115.0,-999.9,-999.9,-999.9,-999.9,-99.0,-999.9,15.0,Hydropower,SEAWEA_UNKNOWN,106.6188889,15.11833333,,
7722,Srepok 4A,Sre Pok IVA,Sre Pok 4a,Run of River,Vietnam,2014,Operational,-99.0,-999.9,-999.9,-999.9,-999.9,-999.9,-999.9,3.94,-999.9,-999.9,-999.9,-999.9,19.2,-999.9,64.0,Hydropower,SEAWEA_UNKNOWN,107.8123,12.8935,,
7740,Upper Kontum,Upper Kontum,Thuong Kon Tum,Storage,Vietnam,2014,Operational,73.0,80.0,7.08,-999.9,7.08,-999.9,-999.9,145.52,-999.9,-999.9,-999.9,-999.9,844.0,-999.9,220.0,Hydropower,SEAWEA_UNKNOWN,108.2299,14.6941,,
1898,Nam Oun,Nam Oun,SEAWEA_UNKNOWN,SEAWEA_UNKNOWN,Thailand,1973,Operational,30.0,3300.0,93.30089784,52.6391354,85.0,780.0,182.1972166,520.0,13.6,-999.9,-999.9,179.3639521,-999.9,-999.9,-999.9,Water supply,SEAWEA_UNKNOWN,103.739583,17.305071,119.0,4.0
9,Lam Sae,Lam Sae,SEAWEA_UNKNOWN,SEAWEA_UNKNOWN,Thailand,1998,Operational,29.5,-999.9,2.95,-999.9,2.95,325.0,-999.9,275.0,-999.9,-999.9,-999.9,-999.9,-999.9,-999.9,-999.9,Water supply,SEAWEA_UNKNOWN,102.2774,14.415833,,
7,Mun Bon,Mun Bon,SEAWEA_UNKNOWN,SEAWEA_UNKNOWN,Thailand,1980,Operational,32.7,-999.9,1.275,-999.9,1.275,350.0,-999.9,141.0,-999.9,-999.9,-999.9,-999.9,-999.9,-999.9,-999.9,Water supply,Water supply,102.147056,14.484167,,5.0
14,A Lin B1,SEAWEA_UNKNOWN,A Lin B1 ,SEAWEA_UNKNOWN,Vietnam,2019,Operational,-999.9,-999.9,-999.9,-999.9,-999.9,-999.9,-999.9,-999.9,-999.9,-999.9,-999.9,-999.9,-999.9,-999.9,42.0,Hydropower,SEAWEA_UNKNOWN,107.14948,16.31253,,
7,Nam Tha 1,Nam Tha 1,SEAWEA_UNKNOWN,SEAWEA_UNKNOWN,Laos,2019,Operational,93.6,349.2,32.58300546,16.9965072,27.695554641,764.6797338,273.03249,649.97777373,-999.9,-999.9,-999.9,438.6779325,-999.9,-999.9,168.0,Hydropower,SEAWEA_UNKNOWN,100.8675,20.26625,121.0,
20,Nam Tha 2,SEAWEA_UNKNOWN,SEAWEA_UNKNOWN,SEAWEA_UNKNOWN,Laos,2024,Operational,-999.9,-999.9,-999.9,-999.9,-999.9,-999.9,-999.9,-999.9,-999.9,-999.9,-999.9,-999.9,-999.9,-999.9,37.5,Hydropower,SEAWEA_UNKNOWN,100.711972,20.242972,,
23,Nam Beng,Nam Beng,SEAWEA_UNKNOWN,SEAWEA_UNKNOWN,Laos,2017,Operational,25.5,84.8,0.724,-999.9,1908.0,3611.0,-999.9,3611.0,-999.9,-999.9,-999.9,-999.9,-999.9,1908.0,36.0,Hydropower,SEAWEA_UNKNOWN,101.24,19.946,,
31,Nam Lik 1,Nam Lik 1,SEAWEA_UNKNOWN,SEAWEA_UNKNOWN,Laos,2019,Operational,39.5,148.6,11.5,-999.9,11.5,-999.9,-999.9,-999.9,-999.9,-999.9,-999.9,-999.9,22.3,-999.9,64.5,Hydropower,SEAWEA_UNKNOWN,102.387,18.618,,
52,Nam San 3A,Nam San 3A,SEAWEA_UNKNOWN,SEAWEA_UNKNOWN,Laos,2016,Operational,75.0,350.0,8.5,-999.9,8.5,123.0,-999.9,123.0,-999.9,-999.9,-999.9,-999.9,-999.9,-999.9,69.0,Hydropower,SEAWEA_UNKNOWN,103.662314,19.130329,,
53,Nam San 3B,Nam San 3B,SEAWEA_UNKNOWN,SEAWEA_UNKNOWN,Laos,2015,Operational,45.0,-999.9,-999.9,-999.9,0.7,-999.9,-999.9,-999.9,-999.9,-999.9,-999.9,-999.9,-999.9,-999.9,45.0,Hydropower,SEAWEA_UNKNOWN,103.600029,19.016524,,
56,Nam Song Diversion,Nam Song Diversion,SEAWEA_UNKNOWN,SEAWEA_UNKNOWN,Laos,1996,Operational,21.0,209.0,1.3,-999.9,1030.0,-999.9,-999.9,14400.0,-999.9,-999.9,214.5,-999.9,-999.9,210.0,6.0,Hydropower,SEAWEA_UNKNOWN,102.427183,18.798712,,
77,Houay Lamphan Lower Dam,SEAWEA_UNKNOWN,SEAWEA_UNKNOWN,SEAWEA_UNKNOWN,Laos,2021,Operational,55.0,523.0,-999.9,-999.9,39.0,-999.9,-999.9,471.0,-999.9,-999.9,198.0,-999.9,51.4,19.5,15.0,Hydropower,SEAWEA_UNKNOWN,106.629617,15.321542,,
85,Nam Emoun Dam,SEAWEA_UNKNOWN,SEAWEA_UNKNOWN,SEAWEA_UNKNOWN,Laos,2024,Operational,27.6,87.25,-999.9,-999.9,0.18,-999.9,-999.9,0.94,-999.9,792.2,-999.9,780.0,397.0,37.0,129.0,Hydropower,SEAWEA_UNKNOWN,106.9694,15.5744,,
86,Nam Kong 1 Dam,Nam Kong 1,SEAWEA_UNKNOWN,SEAWEA_UNKNOWN,Laos,2021,Operational,85.3,379.1,21.8,-999.9,21.8,0.68,-999.9,505.0,-999.9,306.0,-999.9,287.0,190.0,-999.9,160.0,Hydropower,SEAWEA_UNKNOWN,106.741028,14.546556,,
109,Xe Set 1 Dam,Xeset (Se Xet) I Laos,SEAWEA_UNKNOWN,Run of River,Laos,1990,Operational,10.0,91.0,-999.9,-999.9,0.1,-999.9,-999.9,-999.9,-999.9,482.0,-999.9,478.0,157.0,-999.9,45.0,SEAWEA_UNKNOWN,SEAWEA_UNKNOWN,106.276975,15.50314,,
165,Xe Lanong 1 Dam,Xe Lanong 1,SEAWEA_UNKNOWN,SEAWEA_UNKNOWN,Laos,2020,Operational,67.5,-999.9,29.76574576,26.50645224,26.50645224,830.5867714,590.5651434,705.9987556899999,-999.9,206.0,-999.9,218.48094,-999.9,-999.9,70.0,Hydropower,SEAWEA_UNKNOWN,106.237564,16.355732,178.0,
79,Lidi,Lidi,SEAWEA_UNKNOWN,SEAWEA_UNKNOWN,China,2019,Operational,75.0,346.4,4.156325602,3.224447513,3.7,86.52704675,52.2156491,75.0,-999.9,-999.9,-999.9,1820.580995,-999.9,-999.9,420.0,Hydropower,SEAWEA_UNKNOWN,99.0176,27.85,79.0,
84,Luozhahe 2,Luozhahe 2,SEAWEA_UNKNOWN,SEAWEA_UNKNOWN,China,2017,Operational,71.0,-999.9,1.287439531,0.709465309,-999.9,17.59732874,6.844555552,14.957729429,-999.9,-999.9,-999.9,1012.538246,-999.9,-999.9,50.0,Hydropower,SEAWEA_UNKNOWN,100.3471,24.4811,84.0,
113,Nam Ou 1,Nam Ou 1,SEAWEA_UNKNOWN,SEAWEA_UNKNOWN,Laos,2020,Operational,65.0,442.0,11.8140693,7.961056716,9.56,138.0424717,63.92271077,89.1,-999.9,-999.9,-999.9,310.0491969,-999.9,-999.9,160.0,Hydropower,SEAWEA_UNKNOWN,102.3173,20.1542,113.0,
114,Nam Ou 2,Nam Ou 2,SEAWEA_UNKNOWN,SEAWEA_UNKNOWN,Laos,2016,Operational,49.0,352.0,13.01290188,10.1640668,11.060966597999998,114.5203262,78.97473419,97.34227727,-999.9,-999.9,-999.9,330.0021306,-999.9,-999.9,120.0,Hydropower,SEAWEA_UNKNOWN,102.454,20.3952,114.0,
115,Nam Ou 4,Nam Ou 4,SEAWEA_UNKNOWN,SEAWEA_UNKNOWN,Laos,2020,Operational,47.0,300.0,4.870108317,3.090930208,4.13959206945,75.9069497,30.38550818,64.520907245,-999.9,-999.9,-999.9,383.2960797,-999.9,-999.9,116.0,Hydropower,SEAWEA_UNKNOWN,102.4931,21.1226,115.0,
117,Nam Ou 6,Nam Ou 6,SEAWEA_UNKNOWN,SEAWEA_UNKNOWN,Laos,2015,Operational,88.0,-999.9,15.83033248,8.356942674,13.455782608,408.8572242,149.3455818,347.52864057,-999.9,-999.9,-999.9,498.236964,-999.9,-999.9,180.0,Hydropower,SEAWEA_UNKNOWN,102.1951,21.7745,117.0,
118,Nam Ou 7,Nam Ou 7,SEAWEA_UNKNOWN,SEAWEA_UNKNOWN,Laos,2021,Operational,147.0,825.0,32.96620643,5.646808713,28.0212754655,1286.653373,119.9456223,1093.65536705,-999.9,-999.9,-999.9,565.768116,-999.9,-999.9,190.0,Hydropower,SEAWEA_UNKNOWN,102.246,22.103,118.0,
174,Wunonglong,Wunonglong,SEAWEA_UNKNOWN,SEAWEA_UNKNOWN,China,2018,Operational,137.5,247.0,8.680754714,7.074329579,7.3786415069,376.8753068,243.9060061,284.0,-999.9,-999.9,-999.9,1904.803662,-999.9,-999.9,990.0,Hydropower,SEAWEA_UNKNOWN,98.907,27.986,174.0,
6402,SEAWEA_UNKNOWN,Kamping Puoy,SEAWEA_UNKNOWN,SEAWEA_UNKNOWN,Cambodia,1977,Operational,-999.9,1900.0,-999.9,-999.9,-999.9,110.0,-999.9,-999.9,-999.9,-999.9,-999.9,-999.9,-999.9,-999.9,-999.9,Irrigation,SEAWEA_UNKNOWN,102.969136,13.084158,,
6581,Nanhe 1,Nanhe 1,SEAWEA_UNKNOWN,SEAWEA_UNKNOWN,China,2009,Operational,56.8,147.9,-999.9,-999.9,3.35,11.36,-999.9,11.4,-999.9,-999.9,-999.9,-999.9,-999.9,-999.9,40.0,Hydropower,SEAWEA_UNKNOWN,100.012183,24.342442,,
6594,Laoyinyan,Laoyinyan,SEAWEA_UNKNOWN,SEAWEA_UNKNOWN,China,1997,Operational,4.23,-999.9,-999.9,-999.9,-999.9,1092.0,-999.9,1092.0,-999.9,-999.9,-999.9,-999.9,-999.9,-999.9,16.0,Hydropower,SEAWEA_UNKNOWN,99.81754,24.469128,,
6656,Xi'er He 3,Xi'er He 3,SEAWEA_UNKNOWN,SEAWEA_UNKNOWN,China,1988,Operational,20.7,-999.9,-999.9,-999.9,0.1,-999.9,-999.9,-999.9,-999.9,-999.9,-999.9,-999.9,-999.9,-999.9,50.0,Hydropower,SEAWEA_UNKNOWN,100.107878,25.558584,,
6657,Xi'er He 2,Xi'er He 2,SEAWEA_UNKNOWN,SEAWEA_UNKNOWN,China,1987,Operational,37.25,121.8,-999.9,-999.9,-999.9,0.2,-999.9,0.2,-999.9,-999.9,-999.9,-999.9,-999.9,-999.9,50.0,Hydropower,SEAWEA_UNKNOWN,100.131191,25.561991,,
6661,Xi'er He 4,Xi'er He 4,SEAWEA_UNKNOWN,SEAWEA_UNKNOWN,China,1971,Operational,-999.9,-999.9,-999.9,-999.9,-999.9,14.0,-999.9,14.0,-999.9,-999.9,-999.9,-999.9,-999.9,-999.9,50.0,Hydropower,SEAWEA_UNKNOWN,100.065574,25.576262,,
6662,Xi'er He 1,Xi'er He 1,SEAWEA_UNKNOWN,SEAWEA_UNKNOWN,China,1979,Operational,-999.9,-999.9,-999.9,-999.9,-999.9,-999.9,-999.9,-999.9,-999.9,-999.9,-999.9,-999.9,-999.9,-999.9,105.0,Hydropower,SEAWEA_UNKNOWN,100.202419,25.578801,,
6844,Dong'erhe,Dong’erhe,SEAWEA_UNKNOWN,SEAWEA_UNKNOWN,China,1959,Operational,26.43,-999.9,-999.9,-999.9,0.88,1070.0,-999.9,1070.0,-999.9,-999.9,-999.9,-999.9,-999.9,-999.9,-999.9,Irrigation,SEAWEA_UNKNOWN,101.057641,23.075179,,
13536,Dak E Mule,Dak E Mule,SEAWEA_UNKNOWN,SEAWEA_UNKNOWN,Laos,2018,Operational,103.2,622.0,-999.9,-999.9,9.6,-999.9,-999.9,243.1,-999.9,-999.9,-999.9,-999.9,-999.9,-999.9,105.0,Hydropower,SEAWEA_UNKNOWN,107.071555,15.554859,,
13607,Nam Ou 3,Nam Ou 3,SEAWEA_UNKNOWN,SEAWEA_UNKNOWN,Laos,2020,Operational,72.0,340.0,13.26,-999.9,13.26,168.6,-999.9,168.6,-999.9,-999.9,-999.9,-999.9,-999.9,-999.9,150.0,Hydropower,SEAWEA_UNKNOWN,102.665404,20.695251,,
7124,Longma,Longma,Longma Dam,Storage,China,2007,Operational,135.0,315.0,12.64846846,7.713502486,11.73,498.7375296,225.3120625,423.92690016,50.4,-999.9,-999.9,611.3250478,-99.0,-999.9,240.0,Hydropower,SEAWEA_UNKNOWN,101.646371,22.875526,81.0,
7092,Dak R'Tih,Dak R'Tih,Dak R'Tih,Storage,Vietnam,2011,Operational,42.0,553.0,-999.9,-999.9,11.0,-999.9,-999.9,130.0,13.6,-999.9,-999.9,-999.9,-99.0,-999.9,144.0,Hydropower,SEAWEA_UNKNOWN,107.657068,11.935756,,
284,Krong No 2 (Thủy điện Krong No 2),SEAWEA_UNKNOWN,SEAWEA_UNKNOWN,SEAWEA_UNKNOWN,Vietnam,2017,Operational,-999.9,-999.9,-999.9,-999.9,-999.9,-999.9,-999.9,-999.9,-999.9,-999.9,-999.9,-999.9,-999.9,-999.9,30.0,SEAWEA_UNKNOWN,SEAWEA_UNKNOWN,108.342,12.24295,,
-999,Nam Gnuang (Hinboun-expansion),SEAWEA_UNKNOWN,SEAWEA_UNKNOWN,SEAWEA_UNKNOWN,Laos,-999,Operational,-999.9,-999.9,-999.9,-999.9,-999.9,-999.9,-999.9,-999.9,-999.9,-999.9,-999.9,-999.9,-999.9,-999.9,60.0,SEAWEA_UNKNOWN,SEAWEA_UNKNOWN,104.64351,18.25022,,
2,Stung Atay II,SEAWEA_UNKNOWN,SEAWEA_UNKNOWN,SEAWEA_UNKNOWN,Cambodia,2013,Operational,110.0,-99.0,-99.0,-99.0,-99.0,-99.0,-99.0,-99.0,18.4,-999.9,-999.9,-999.9,-999.9,-999.9,100.0,SEAWEA_UNKNOWN,SEAWEA_UNKNOWN,103.173727,12.022518,,
40305,Lower Stung Russei Chrum,Lower Russei Chrum,Lower Russei Chrum,Storage,Cambodia,2014,Operational,58.5,-99.0,-99.0,-99.0,1.067,-99.0,-99.0,62.0,15.5,-999.9,-999.9,-999.9,86.0,-999.9,132.0,SEAWEA_UNKNOWN,SEAWEA_UNKNOWN,103.081367,11.783482,,
999,SEAWEA_UNKNOWN,Upper Russei Chrum,Upper Russei Chrum,Storage,Cambodia,2014,Operational,124.0,-999.9,-999.9,-999.9,12.938,-999.9,-999.9,401.0,-999.9,-999.9,-999.9,-999.9,132.0,-999.9,206.0,SEAWEA_UNKNOWN,SEAWEA_UNKNOWN,103.1025,11.8233333,,
4,Myotha,Myotha,SEAWEA_UNKNOWN,SEAWEA_UNKNOWN,Myanmar,2001,Operational,-99.0,20.0,6.95,-99.0,-99.0,1128.0,-99.0,-99.0,15.5,-999.9,-999.9,-999.9,-999.9,-999.9,0.0,Irrigation,SEAWEA_UNKNOWN,95.719988,21.672792,,
329,Thaphanseik,Thaphanseik,Thaphanseik,Storage,Myanmar,2001,Operational,33.0,6885.0,423.1364267,237.7463595,332.88,4420.425734,1640.964145,3550.0,10.7,-999.9,-999.9,161.7544022,19.0,-999.9,30.0,Irrigation,SEAWEA_UNKNOWN,95.35625,23.307937,165.0,
1810,Kintat,Kintat,SEAWEA_UNKNOWN,SEAWEA_UNKNOWN,Myanmar,1997,Operational,15.0,1914.0,21.85,0.8,-99.0,350.0,47.237,350.0,28.7,-999.9,-999.9,-999.9,-999.9,-999.9,-99.0,Irrigation,SEAWEA_UNKNOWN,95.36875,23.219707,,
1823,Sedawgyi,Sedawgyi,Sedawgyi,Storage,Myanmar,1989,Operational,41.0,600.0,37.61641084,29.49989559,31.13,450.0,350.0,450.0,14.5,-999.9,-999.9,122.5221062,28.2,-999.9,25.0,Irrigation,SEAWEA_UNKNOWN,96.326042,22.349563,141.0,
1844,Kinda,Kinda,Kinda,Storage,Myanmar,1986,Operational,72.0,625.0,35.65855832,18.5472267,26.3,1080.0,970.0,1010.0,41.2,-999.9,-999.9,174.9771905,56.0,-999.9,56.0,Irrigation,SEAWEA_UNKNOWN,96.318745,21.156255,69.0,
5026,SEAWEA_UNKNOWN,Kabo Dam,SEAWEA_UNKNOWN,SEAWEA_UNKNOWN,Myanmar,1997,Operational,-99.0,-99.0,-99.0,-99.0,-99.0,216.8,-99.0,-99.0,17.7,-999.9,-999.9,-999.9,-999.9,-999.9,-99.0,Irrigation,SEAWEA_UNKNOWN,95.682927,22.623773,,
5063,Manchaung,Manchaung,SEAWEA_UNKNOWN,SEAWEA_UNKNOWN,Myanmar,1999,Operational,-99.0,-99.0,8.267505749,5.647776962,-99.0,126.2477638,45.45353003,107.31059923,24.1,-999.9,-999.9,180.3227474,-999.9,-999.9,-99.0,Irrigation,SEAWEA_UNKNOWN,94.422917,20.085417,91.0,
7078,Yeywa,Yeywa,Yeywa,Storage,Myanmar,2010,Operational,135.0,680.0,70.39909023,49.27320414,59.0,3197.94879,1839.187277,2600.0,48.0,-999.9,-999.9,175.3774608,105.0,-999.9,790.0,Hydropower,SEAWEA_UNKNOWN,96.474362,21.674504,184.0,
7121,Longjiang,Longjiang,Longjiang (Yunnan) Dam,Storage,China,2010,Operational,115.0,472.0,33.79786616,23.77733398,26.16,1078.892363,628.5483581,917.05850855,46.6,-999.9,-999.9,855.2449199,-99.0,-999.9,240.0,Hydropower,SEAWEA_UNKNOWN,98.109701,24.240634,80.0,
7159,Nongling,Nongling,SEAWEA_UNKNOWN,SEAWEA_UNKNOWN,China,2009,Operational,90.0,280.0,8.036155358,5.150807231,6.0,210.7653067,97.7428633,179.15051069499998,41.3,-999.9,-999.9,948.2294485,-99.0,-999.9,180.0,Hydropower,SEAWEA_UNKNOWN,98.345403,24.58774,128.0,
7226,Sujiahekou,Sujiahekou,Sujiahekou,Storage,China,2010,Operational,137.0,424.0,5.886054968,4.349421471,5.0,240.67373,155.4582143,226.0,50.5,-999.9,-999.9,1575.890477,321.0,-999.9,315.0,Hydropower,SEAWEA_UNKNOWN,98.197843,25.264561,157.0,
7631,Zawgyi-2,Zawgyi,Zawgyi (1),Storage,Myanmar,1998,Operational,44.0,777.0,43.5,-99.0,26.34,639.0,-99.0,242.0,19.0,-999.9,-999.9,-999.9,117.0,-999.9,18.0,Hydropower,SEAWEA_UNKNOWN,96.874461,21.56464,,
7648,Wegyi,Wegyi,SEAWEA_UNKNOWN,SEAWEA_UNKNOWN,Myanmar,1999,Operational,35.0,1271.0,50.59,-99.0,-99.0,310.97,-99.0,-99.0,18.7,-999.9,-999.9,-999.9,-999.9,-999.9,-99.0,Irrigation,SEAWEA_UNKNOWN,95.611458,18.623955,,
9569,SEAWEA_UNKNOWN,Hu Song He,SEAWEA_UNKNOWN,SEAWEA_UNKNOWN,China,1997,Operational,44.75,249.08,-99.0,-99.0,-99.0,99.3,-99.0,-99.0,17.1,-999.9,-999.9,-999.9,-999.9,-999.9,63.0,Hydropower,SEAWEA_UNKNOWN,97.693038,24.556852,,
9963,Taungnyo,Unknown 52,SEAWEA_UNKNOWN,SEAWEA_UNKNOWN,Myanmar,1996,Operational,-99.0,1036.0,34.8,-99.0,-99.0,258.99,-99.0,-99.0,17.6,-999.9,-999.9,-999.9,-999.9,-999.9,-99.0,Irrigation,SEAWEA_UNKNOWN,95.967706,20.452083,,
38752,SEAWEA_UNKNOWN,Mang li,Yunnan Mangli,Run of River,China,2009,Operational,58.0,-99.0,-99.0,-99.0,-99.0,49.77,-99.0,-99.0,15.5,-999.9,-999.9,-999.9,37.0,-999.9,36.0,Hydropower,SEAWEA_UNKNOWN,98.289089,24.315924,,
38761,SEAWEA_UNKNOWN,Teng Long Qiao 2,SEAWEA_UNKNOWN,SEAWEA_UNKNOWN,China,2010,Operational,53.0,175.0,3.09,-99.0,-99.0,45.9,-99.0,-99.0,16.5,-999.9,-999.9,-999.9,-999.9,-999.9,81.0,Hydropower,SEAWEA_UNKNOWN,98.664682,24.682363,,
38769,SEAWEA_UNKNOWN,Meng Jia He 3,SEAWEA_UNKNOWN,SEAWEA_UNKNOWN,China,2006,Operational,33.0,84.5,-99.0,-99.0,-99.0,0.8,-99.0,-99.0,13.7,-999.9,-999.9,-999.9,-999.9,-999.9,42.0,Hydropower,SEAWEA_UNKNOWN,97.820139,25.080925,,
38776,SEAWEA_UNKNOWN,San Cha He,SEAWEA_UNKNOWN,SEAWEA_UNKNOWN,China,2016,Operational,94.0,-99.0,-99.0,-99.0,-99.0,-99.0,-99.0,-99.0,17.8,-999.9,-999.9,-999.9,-999.9,-999.9,72.0,Hydropower,SEAWEA_UNKNOWN,98.215617,25.432192,,
39392,Myitthar,SEAWEA_UNKNOWN,SEAWEA_UNKNOWN,Storage,Myanmar,2016,Operational,63.0,-99.0,-99.0,-99.0,12.2,325.0,-99.0,-99.0,18.5,-999.9,-999.9,-999.9,-999.9,-999.9,40.0,Multiple purpose,SEAWEA_UNKNOWN,94.040519,22.002116,,
38624,SEAWEA_UNKNOWN,Yunnan Baoshan Tenglongqiao Stage 2 Plant,Yunnan Baoshan Tenglongqiao Stage 2 Plant,Run of River,China,2010,Operational,32.0,180.5,-99.0,-99.0,3.09,613.0,-99.0,-99.0,-99.0,-999.9,-999.9,-999.9,32.0,-999.9,81.0,Hydropower,SEAWEA_UNKNOWN,98.626855,24.638523,,
38669,Shweli-1,Shweli (1),Shweli (1),Storage,Myanmar,2008,Operational,47.0,162.0,1.3,-99.0,1.1,24.0,-99.0,24.11,-99.0,-999.9,-999.9,-999.9,330.0,-999.9,600.0,Hydropower,SEAWEA_UNKNOWN,97.506439,23.698187,,
38671,Dapein 1 (Dapeyin / Tarpain),Tarpein I,Tarpein-1,Storage,Myanmar,2011,Operational,46.0,211.0,0.35,-99.0,0.4,22.0,-99.0,-99.0,-99.0,-999.9,-999.9,-999.9,-99.0,-999.9,240.0,Hydropower,SEAWEA_UNKNOWN,97.525566,24.421393,,
38672,SEAWEA_UNKNOWN,Yunnan Dayingjiang 2nd Tier,Yunnan Dayingjiang 2nd Tier,Run of River,China,2004,Operational,28.5,150.0,-99.0,-99.0,0.019,1.53,-99.0,0.1751,-99.0,-999.9,-999.9,-999.9,38.0,-999.9,70.0,Hydropower,SEAWEA_UNKNOWN,97.711081,24.465365,,
38673,SEAWEA_UNKNOWN,Da Ying Jiang 2,SEAWEA_UNKNOWN,SEAWEA_UNKNOWN,China,2007,Operational,35.0,106.5,-99.0,-99.0,-99.0,0.17,-99.0,-99.0,-99.0,-999.9,-999.9,-999.9,-999.9,-999.9,70.0,Hydropower,SEAWEA_UNKNOWN,97.721187,24.473531,,
39372,Myogyi,Myogyi,SEAWEA_UNKNOWN,Storage,Myanmar,2016,Operational,79.0,751.0,12.90300785,8.63788035,9.7,392.392578,159.4035166,-99.0,-99.0,-999.9,-999.9,185.965732,-999.9,-999.9,30.0,Multiple purpose,SEAWEA_UNKNOWN,96.382,21.460118,98.0,
2454,SEAWEA_UNKNOWN,Yunnan Baoshan Songshanhekou,Yunnan Baoshan Songshanhekou,Run of River,China,2011,Operational,40.0,-999.9,-999.9,-999.9,0.06,-999.9,-999.9,0.5447,-999.9,-999.9,-999.9,-999.9,167.5,-999.9,168.0,Hydropower,SEAWEA_UNKNOWN,98.1889,25.2072,,
2462,SEAWEA_UNKNOWN,Na Bang,Yunnan Dehong Yingjiang Nabang,Run of River,China,2012,Operational,46.5,172.28,-999.9,-999.9,0.04,0.49,-999.9,-999.9,-999.9,-999.9,-999.9,-999.9,623.5,-999.9,180.0,Hydropower,SEAWEA_UNKNOWN,97.5828,24.7133,,
2521,SEAWEA_UNKNOWN,Yingjiang Zhina River I & II,Yunnan Yingjiang Zhina River 2nd Level Phase 1 And Phase 2,Run of River,China,2007,Operational,-99.0,-999.9,-999.9,-999.9,-999.9,-999.9,-999.9,-999.9,-999.9,-999.9,-999.9,-999.9,-99.0,-999.9,36.0,SEAWEA_UNKNOWN,SEAWEA_UNKNOWN,98.0897,25.2803,,
4221,Mone Chaung,Mone Dam,Mone,Run of River,Myanmar,2004,Operational,61.0,1978.0,45.03604507,33.15565193,41.5,949.5044961,545.5423517,832.0,-999.9,-999.9,-999.9,149.184661,-99.0,-999.9,75.0,Multiple purpose,SEAWEA_UNKNOWN,94.26027778,20.47805556,16.0,
6630,SEAWEA_UNKNOWN,Meng Dian He 3,SEAWEA_UNKNOWN,SEAWEA_UNKNOWN,China,2007,Operational,-999.9,-999.9,-999.9,-999.9,-999.9,0.0244,-999.9,-999.9,-999.9,-999.9,-999.9,-999.9,-999.9,-999.9,32.0,Hydropower,SEAWEA_UNKNOWN,97.726727,25.031803,,
6633,SEAWEA_UNKNOWN,Meng Jia He 4,SEAWEA_UNKNOWN,SEAWEA_UNKNOWN,China,2006,Operational,-999.9,-999.9,-999.9,-999.9,-999.9,-999.9,-999.9,-999.9,-999.9,-999.9,-999.9,-999.9,-999.9,-999.9,40.0,Hydropower,SEAWEA_UNKNOWN,97.807922,25.083064,,
6636,SEAWEA_UNKNOWN,Meng Jia He 2,SEAWEA_UNKNOWN,SEAWEA_UNKNOWN,China,2008,Operational,-999.9,-999.9,-999.9,-999.9,-999.9,-999.9,-999.9,-999.9,-999.9,-999.9,-999.9,-999.9,-999.9,-999.9,30.0,Hydropower,SEAWEA_UNKNOWN,97.858021,25.093312,,
6637,SEAWEA_UNKNOWN,Mu Long He 3,SEAWEA_UNKNOWN,SEAWEA_UNKNOWN,China,2009,Operational,-999.9,-999.9,-999.9,-999.9,-999.9,0.033,-999.9,-999.9,-999.9,-999.9,-999.9,-999.9,-999.9,-999.9,30.0,Hydropower,SEAWEA_UNKNOWN,97.829834,25.108987,,
13763,SEAWEA_UNKNOWN,Tarpein II,SEAWEA_UNKNOWN,SEAWEA_UNKNOWN,Myanmar,2023,Operational,59.0,238.0,-999.9,-999.9,-999.9,55.0,-999.9,-999.9,-999.9,-999.9,-999.9,-999.9,-999.9,-999.9,140.0,Hydropower,SEAWEA_UNKNOWN,97.44385,24.368759,,
13772,Chipwi Nge,Chibwe Nge,SEAWEA_UNKNOWN,Run of River,Myanmar,2013,Operational,47.5,220.0,0.07,-999.9,0.1,0.3,-999.9,-999.9,-999.9,-999.9,-999.9,-999.9,-999.9,-999.9,99.0,Hydropower,SEAWEA_UNKNOWN,98.228865,25.763272,,
13794,Kanyin,Kanyin,SEAWEA_UNKNOWN,SEAWEA_UNKNOWN,Myanmar,2012,Operational,59.0,1143.0,7.93,-999.9,-999.9,183.619,-999.9,-999.9,-999.9,-999.9,-999.9,-999.9,-999.9,-999.9,-999.9,Irrigation,SEAWEA_UNKNOWN,95.072583,17.991848,,
13799,SEAWEA_UNKNOWN,Kun Chaung,SEAWEA_UNKNOWN,SEAWEA_UNKNOWN,Myanmar,2002,Operational,46.0,402.316367,28.73,-999.9,-999.9,293.1,-999.9,-999.9,-999.9,-999.9,-999.9,-999.9,-999.9,-999.9,-999.9,Irrigation,SEAWEA_UNKNOWN,95.036879,18.363555,,
2236,SEAWEA_UNKNOWN,Tenglongqiao II Plant,SEAWEA_UNKNOWN,SEAWEA_UNKNOWN,China,2010,Operational,58.0,-999.9,-999.9,-999.9,-999.9,-999.9,-999.9,-999.9,-999.9,-999.9,-999.9,-999.9,-99.0,-999.9,81.0,SEAWEA_UNKNOWN,SEAWEA_UNKNOWN,98.69,24.78,,
4229,Yenwe,Yenwe Dam,Ye?Ûªnew,Run of River,Myanmar,2007,Operational,77.0,-999.9,90.80870351,58.76248099,77.1873979835,1600.468678,786.2286198,1360.3983763,-999.9,-999.9,-999.9,101.2114098,-99.0,-999.9,25.0,Multiple purpose,SEAWEA_UNKNOWN,96.44555556,18.08666667,43.0,
5,Mobye,Mobye,SEAWEA_UNKNOWN,SEAWEA_UNKNOWN,Myanmar,1971,Operational,26.0,2439.0,189.7758505,121.3489959,161.309472925,811.4356081,480.0744771,689.720266885,4.4,-999.9,-999.9,879.6976355,-999.9,-999.9,0.0,Irrigation,SEAWEA_UNKNOWN,97.092219,19.786887,94.0,
4969,Qiezishan,Qiezishan Reservoir,SEAWEA_UNKNOWN,SEAWEA_UNKNOWN,China,1999,Operational,32.0,237.0,5.1193971,2.769740204,3.0,101.209429,28.48706085,86.02801465,39.6,-999.9,-999.9,1797.997402,-99.0,-999.9,16.0,Hydropower,SEAWEA_UNKNOWN,98.809509,24.506716,137.0,
10039,Ngwedaung,Ngwedaung,SEAWEA_UNKNOWN,SEAWEA_UNKNOWN,Myanmar,1965,Operational,18.0,-99.0,-99.0,-99.0,-99.0,826.852,-99.0,-99.0,16.5,-999.9,-999.9,-999.9,-999.9,-999.9,-99.0,Irrigation,SEAWEA_UNKNOWN,97.16221,19.554443,,
36981,SEAWEA_UNKNOWN,Chalong Dam,Chalong Dam,SEAWEA_UNKNOWN,China,1997,Operational,34.0,192.0,-99.0,-99.0,-99.0,138.0,-99.0,138.0,-99.0,-999.9,-999.9,-999.9,-99.0,-999.9,10.8,Hydropower,SEAWEA_UNKNOWN,92.332134,31.453272,,
39231,Keng Tawng,Kengtawng,SEAWEA_UNKNOWN,Storage,Myanmar,2009,Operational,6.0,65.0,-99.0,-99.0,0.1,61.0,-99.0,-99.0,-99.0,-999.9,-999.9,-999.9,-999.9,-999.9,54.0,Hydropower,SEAWEA_UNKNOWN,98.29721,20.598173,,
39287,Baluchaung-2,Baluchaung 3,Baluchaung BHP (2),Canal,Myanmar,1974,Operational,33.0,50.0,0.0,-99.0,0.0,0.0,-99.0,-99.0,-99.0,-999.9,-999.9,-999.9,423.0624,-999.9,168.0,Hydropower,SEAWEA_UNKNOWN,97.359196,19.556411,,
1648,SEAWEA_UNKNOWN,Baoshan Supahe Chaoyang,Baoshan Supahe Chaoyang,Run of River,China,2004,Operational,16.0,-999.9,-999.9,-999.9,0.0436,-999.9,-999.9,0.0589,-999.9,-999.9,-999.9,-999.9,235.0,-999.9,40.0,SEAWEA_UNKNOWN,SEAWEA_UNKNOWN,98.7592,24.4244,,
2481,SEAWEA_UNKNOWN,Yunnan Lincang Nanpeng River Dayakou,Yunnan Lincang Nanpeng River Dayakou,Storage,China,2011,Operational,92.0,-999.9,-999.9,-999.9,6.14,-999.9,-999.9,-999.9,-999.9,-999.9,-999.9,-999.9,97.0,-999.9,102.0,SEAWEA_UNKNOWN,SEAWEA_UNKNOWN,98.9388,23.6484,,
2503,SEAWEA_UNKNOWN,Yunnan Shidi River 1st Level,Yunnan Shidi River 1st Level,Run of River,China,2008,Operational,8.96,-999.9,-999.9,-999.9,0.004514,-999.9,-999.9,-999.9,-999.9,-999.9,-999.9,-999.9,594.1,-999.9,30.0,SEAWEA_UNKNOWN,SEAWEA_UNKNOWN,98.8425,26.9594,,
2525,SEAWEA_UNKNOWN,Yongde Damengtong,Yunnan Yongde Damengtong,Run of River,China,2009,Operational,-99.0,-999.9,-999.9,-999.9,0.758,-999.9,-999.9,-999.9,-999.9,-999.9,-999.9,-999.9,133.0,-999.9,50.0,SEAWEA_UNKNOWN,SEAWEA_UNKNOWN,99.4156,24.2222,,
2543,SEAWEA_UNKNOWN,Zhenkang Fengweihe,Zhenkang Fengweihe,Run of River,China,2010,Operational,48.5,-999.9,-999.9,-999.9,0.187,-999.9,-999.9,-999.9,-999.9,-999.9,-999.9,-999.9,151.0,-999.9,40.0,SEAWEA_UNKNOWN,SEAWEA_UNKNOWN,98.9833,23.8467,,
6587,SEAWEA_UNKNOWN,Wunihe,SEAWEA_UNKNOWN,SEAWEA_UNKNOWN,China,2005,Operational,27.5,86.0,-999.9,-999.9,-999.9,67.1,-999.9,-999.9,-999.9,-999.9,-999.9,-999.9,-999.9,-999.9,30.0,Hydropower,SEAWEA_UNKNOWN,98.821819,24.436888,,
6589,SEAWEA_UNKNOWN,Ajiutian,SEAWEA_UNKNOWN,SEAWEA_UNKNOWN,China,2005,Operational,27.0,89.0,-999.9,-999.9,-999.9,0.16,-999.9,-999.9,-999.9,-999.9,-999.9,-999.9,-999.9,-999.9,115.5,Hydropower,SEAWEA_UNKNOWN,98.851104,24.439334,,
6681,SEAWEA_UNKNOWN,Duduluo 1,SEAWEA_UNKNOWN,SEAWEA_UNKNOWN,China,2012,Operational,29.0,65.0,-999.9,-999.9,-999.9,0.18,-999.9,-999.9,-999.9,-999.9,-999.9,-999.9,-999.9,-999.9,30.0,Hydropower,SEAWEA_UNKNOWN,98.765532,26.296515,,
13730,Hpi Hseng,Hpi Seng,SEAWEA_UNKNOWN,SEAWEA_UNKNOWN,Myanmar,2020,Operational,10.0,-999.9,-999.9,-999.9,-999.9,4.0,-999.9,-999.9,-999.9,-999.9,-999.9,-999.9,-999.9,-999.9,45.0,Hydropower,SEAWEA_UNKNOWN,97.442327,20.129474,,14.0
14,Temengor,Temengor,Temenggor,Storage,Malaysia,1978,Operational,127.0,537.0,152.0,108.5055335,129.2,6168.0,6050.0,6168.0,45.1,-999.9,-999.9,235.7799007,101.0,-999.9,348.0,Hydropower,Flood control,101.302823,5.40679,162.0,
1986,Kenering,Kenering,Kenering,Storage,Malaysia,1983,Operational,48.0,503.0,40.5,9.0,40.5,154.1514295,67.48190421,131.028715075,19.5,-999.9,-999.9,110.9299855,34.7,-999.9,120.0,Hydropower,SEAWEA_UNKNOWN,101.099249,5.215657,64.0,
5231,Bersia,Bersia,Bersia,Storage,Malaysia,1983,Operational,33.0,252.0,5.576666291,1.621428521,5.3,34.635072,3.14343389,29.4398112,8.5,-999.9,-999.9,141.54195,26.5,-999.9,48.0,Hydropower,SEAWEA_UNKNOWN,101.210151,5.429853,11.0,
5233,Chenderoh,Chenderoh,SEAWEA_UNKNOWN,Storage,Malaysia,1930,Operational,32.0,390.0,20.5,14.7,20.5,66.74302171,23.95617797,56.7315684535,11.2,-999.9,-999.9,54.85377494,-999.9,-999.9,40.5,Hydropower,SEAWEA_UNKNOWN,100.976042,4.961478,17.0,
4115,SEAWEA_UNKNOWN,SEAWEA_UNKNOWN,SG. Piah Lower,Run of River,Malaysia,1999,Operational,-999.9,-999.9,-999.9,-999.9,-999.9,-999.9,-999.9,-999.9,-999.9,-999.9,-999.9,-999.9,414.0,-999.9,54.0,SEAWEA_UNKNOWN,SEAWEA_UNKNOWN,101.2116667,5.10194444,,
13632,Jor,Jor,SEAWEA_UNKNOWN,Run of River,Malaysia,1968,Operational,-99.0,-999.9,0.3,-999.9,-999.9,3.8,-999.9,-999.9,-999.9,-999.9,-999.9,-999.9,270.0,-999.9,150.0,Hydropower,SEAWEA_UNKNOWN,101.346806,4.340604,,
15,Phra Prong,Phra Prong,SEAWEA_UNKNOWN,SEAWEA_UNKNOWN,Thailand,2000,Operational,26.0,443.0,13.41378062,7.515680892,11.401713527,120.0693292,4.0,102.0595,10.0,-999.9,-999.9,84.67850186,-999.9,-999.9,-99.0,Irrigation,SEAWEA_UNKNOWN,102.422002,13.998863,133.0,
7018,Khun Dan Prakan Chon,Khun Dan Prakan Chon,SEAWEA_UNKNOWN,SEAWEA_UNKNOWN,Thailand,2004,Operational,93.0,2600.0,4.944644524,2.90474182,4.2029478454,224.9,65.50659644,220.0,50.6,-999.9,-999.9,69.0680441,-999.9,-999.9,11.0,Irrigation,SEAWEA_UNKNOWN,101.323038,14.310513,68.0,
10394,SEAWEA_UNKNOWN,khlong Siyat,SEAWEA_UNKNOWN,SEAWEA_UNKNOWN,Thailand,2000,Operational,-99.0,-99.0,-99.0,-99.0,-99.0,450.0,-99.0,420.0,17.2,-999.9,-999.9,-999.9,-999.9,-999.9,-99.0,SEAWEA_UNKNOWN,SEAWEA_UNKNOWN,101.653656,13.43925,,
16,Dak Mi 4,Dak Mi 4,Dak Mi 4,Storage,Vietnam,2012,Operational,90.0,-999.9,-999.9,-999.9,10.44,-999.9,-999.9,312.0,-999.9,-999.9,-999.9,-999.9,-99.0,-999.9,190.0,SEAWEA_UNKNOWN,SEAWEA_UNKNOWN,107.9124,15.459,,
7084,A Vuong,A Vuong,A Vuong,Storage,Vietnam,2008,Operational,80.0,228.0,9.555620273,5.569639765,9.0,357.7254696,126.3493794,343.5,41.4,-999.9,-999.9,355.6749188,320.0,-999.9,210.0,Hydropower,SEAWEA_UNKNOWN,107.617692,15.802139,2.0,
7134,Song Bung 4,Song Bung IV,Song Bung 4,Storage,Vietnam,2015,Operational,95.0,367.0,13.07794634,2.346204784,11.116254389,370.4820224,33.43653327,320.0,28.4,-999.9,-999.9,177.7953566,-99.0,-999.9,156.0,Hydropower,SEAWEA_UNKNOWN,107.640163,15.697276,152.0,
7135,Song Tranh 2,Song Tranh II,Song Tranh 2,Storage,Vietnam,2013,Operational,96.0,640.0,21.59617763,12.23957696,18.08,758.6915847,319.1454156,521.0,28.9,-999.9,-999.9,153.386739,-99.0,-999.9,190.0,Hydropower,SEAWEA_UNKNOWN,108.146412,15.331293,154.0,
39147,SEAWEA_UNKNOWN,Zahung,ZaHung,Storage,Vietnam,2009,Operational,8.0,-99.0,-99.0,-99.0,0.22,-99.0,-99.0,700.0,-99.0,-999.9,-999.9,-999.9,66.5,-999.9,30.0,SEAWEA_UNKNOWN,SEAWEA_UNKNOWN,107.654862,15.860103,,
39155,SEAWEA_UNKNOWN,Song Tranh III,Song Tranh 3,Storage,Vietnam,2013,Operational,-99.0,-99.0,-99.0,-99.0,3.19,-99.0,-99.0,20.0,-99.0,-999.9,-999.9,-999.9,23.0,-999.9,62.0,SEAWEA_UNKNOWN,SEAWEA_UNKNOWN,108.142068,15.446135,,
39182,SEAWEA_UNKNOWN,Song Bung 4A,Song Bung 4A,Storage,Vietnam,2012,Operational,41.0,-99.0,-99.0,-99.0,0.662,-99.0,-99.0,8.17,-99.0,-999.9,-999.9,-999.9,32.0,-999.9,49.0,SEAWEA_UNKNOWN,SEAWEA_UNKNOWN,107.680904,15.764578,,
7712,SEAWEA_UNKNOWN,Song Bung V,Song Bung 5,Storage,Vietnam,2013,Operational,13.0,-999.9,-999.9,-999.9,1.68,-999.9,-999.9,20.27,-999.9,-999.9,-999.9,-999.9,27.0,-999.9,57.0,SEAWEA_UNKNOWN,SEAWEA_UNKNOWN,107.7472,15.8077,,
7715,SEAWEA_UNKNOWN,Song Con II,Song Con 2,Storage,Vietnam,2009,Operational,12.0,-999.9,-999.9,-999.9,-999.9,-999.9,-999.9,30.4,-999.9,-999.9,-999.9,-999.9,-99.0,-999.9,63.0,SEAWEA_UNKNOWN,SEAWEA_UNKNOWN,107.8081,15.9332,,
109,Dak Mi 2,SEAWEA_UNKNOWN,Dak Mi 2 ,SEAWEA_UNKNOWN,Vietnam,2019,Operational,-999.9,-999.9,-999.9,-999.9,-999.9,-999.9,-999.9,-999.9,-999.9,-999.9,-999.9,-999.9,-999.9,-999.9,98.0,SEAWEA_UNKNOWN,SEAWEA_UNKNOWN,107.81561,15.22831,,
110,Dak Mi 3,Dak Mi 3,Dak Mi 3 ,SEAWEA_UNKNOWN,Vietnam,2017,Operational,-999.9,-999.9,-999.9,-999.9,-999.9,-999.9,-999.9,-999.9,-999.9,-999.9,-999.9,-999.9,-999.9,-999.9,63.0,SEAWEA_UNKNOWN,SEAWEA_UNKNOWN,107.82557,15.31908,,
417,SEAWEA_UNKNOWN,Song Bung 2,Song Bung 2 ,SEAWEA_UNKNOWN,Vietnam,2017,Operational,-999.9,-999.9,-999.9,-999.9,-999.9,-999.9,-999.9,-999.9,-999.9,-999.9,-999.9,-999.9,-999.9,-999.9,100.0,SEAWEA_UNKNOWN,SEAWEA_UNKNOWN,107.396584,15.717241,,
430,SEAWEA_UNKNOWN,SEAWEA_UNKNOWN,Song Kon 2 ,SEAWEA_UNKNOWN,Vietnam,2009,Operational,-999.9,-999.9,-999.9,-999.9,-999.9,-999.9,-999.9,-999.9,-999.9,-999.9,-999.9,-999.9,-999.9,-999.9,60.0,SEAWEA_UNKNOWN,SEAWEA_UNKNOWN,107.790059,15.985358,,
449,SEAWEA_UNKNOWN,Song Tranh 4,Song Tranh 4 ,SEAWEA_UNKNOWN,Vietnam,2020,Operational,-999.9,-999.9,-999.9,-999.9,-999.9,-999.9,-999.9,-999.9,-999.9,-999.9,-999.9,-999.9,-999.9,-999.9,48.0,SEAWEA_UNKNOWN,SEAWEA_UNKNOWN,108.14808,15.52705,,
185,Dak Mi 3 (Nhà máy thủy điện Đăk Mi 3),SEAWEA_UNKNOWN,SEAWEA_UNKNOWN,SEAWEA_UNKNOWN,Vietnam,2016,Operational,-999.9,-999.9,-999.9,-999.9,-999.9,-999.9,-999.9,-999.9,-999.9,-999.9,-999.9,-999.9,-999.9,-999.9,56.0,SEAWEA_UNKNOWN,SEAWEA_UNKNOWN,107.8338,15.33838,,
18,Hoi Xuan,SEAWEA_UNKNOWN,Hoi Xuan ,SEAWEA_UNKNOWN,Vietnam,2020,Operational,43.0,-99.0,-99.0,-99.0,-99.0,-99.0,-99.0,-99.0,-99.0,-999.9,-999.9,-999.9,-999.9,-999.9,102.0,SEAWEA_UNKNOWN,SEAWEA_UNKNOWN,105.052417,20.445577,,
7091,Cua Dat,Cua Dat,Cua Dat,Storage,Vietnam,2010,Operational,118.0,930.0,36.64415078,17.21559994,33.0,1165.807616,352.9173662,990.9364736,58.0,-999.9,-999.9,83.28663184,69.3,-999.9,97.0,Hydropower,SEAWEA_UNKNOWN,105.280457,19.881463,19.0,
7401,SEAWEA_UNKNOWN,Trung Son,Trung Son ,SEAWEA_UNKNOWN,Vietnam,2017,Operational,84.0,513.0,-99.0,-99.0,13.0,-99.0,-99.0,348.0,45.1,-999.9,-999.9,-999.9,-999.9,-999.9,260.0,Hydropower,SEAWEA_UNKNOWN,104.83809,20.611871,,
39230,Hua Na,Hua Na,Hua Na,SEAWEA_UNKNOWN,Vietnam,2012,Operational,-99.0,-99.0,-99.0,-99.0,-99.0,-99.0,-99.0,5330.0,18.5,-999.9,-999.9,-999.9,-99.0,-999.9,180.0,SEAWEA_UNKNOWN,SEAWEA_UNKNOWN,105.083976,19.838737,,
39192,Ba Thuoc 1,SEAWEA_UNKNOWN,Ba Thuoc 1 ,SEAWEA_UNKNOWN,Vietnam,2017,Operational,-99.0,-99.0,-99.0,-99.0,-99.0,-99.0,-99.0,-99.0,-99.0,-999.9,-999.9,-999.9,-999.9,-999.9,60.0,SEAWEA_UNKNOWN,SEAWEA_UNKNOWN,105.172535,20.319546,,
39193,Ba thuoc 2,Ba Thuoc II,Ba Thuoc 2,Run of River,Vietnam,2012,Operational,-99.0,-99.0,-99.0,-99.0,-99.0,-99.0,-99.0,-99.0,-99.0,-999.9,-999.9,-999.9,-99.0,-999.9,80.0,SEAWEA_UNKNOWN,SEAWEA_UNKNOWN,105.328376,20.32143,,
470,SEAWEA_UNKNOWN,SEAWEA_UNKNOWN,Ta Co ,SEAWEA_UNKNOWN,Vietnam,2012,Operational,-999.9,-999.9,-999.9,-999.9,-999.9,-999.9,-999.9,-999.9,-999.9,-999.9,-999.9,-999.9,-999.9,-999.9,30.0,SEAWEA_UNKNOWN,SEAWEA_UNKNOWN,103.636001,20.973408,,
496,SEAWEA_UNKNOWN,SEAWEA_UNKNOWN,Thanh Son ,SEAWEA_UNKNOWN,Vietnam,2019,Operational,-999.9,-999.9,-999.9,-999.9,-999.9,-999.9,-999.9,-999.9,-999.9,-999.9,-999.9,-999.9,-999.9,-999.9,30.0,SEAWEA_UNKNOWN,SEAWEA_UNKNOWN,104.9073,20.58964,,
124,Nam Sam 3,SEAWEA_UNKNOWN,SEAWEA_UNKNOWN,SEAWEA_UNKNOWN,Laos,2024,Operational,121.7,321.4,-999.9,-999.9,-999.9,443.0,-999.9,443.0,-999.9,595.0,-999.9,560.0,206.0,-999.9,156.0,SEAWEA_UNKNOWN,SEAWEA_UNKNOWN,104.51065,20.150237,,
19,SEAWEA_UNKNOWN,SEAWEA_UNKNOWN,Pac Ma ,SEAWEA_UNKNOWN,Vietnam,2019,Operational,-999.9,-999.9,-999.9,-999.9,-999.9,-999.9,-999.9,-999.9,-999.9,-999.9,-999.9,-999.9,-999.9,-999.9,140.0,SEAWEA_UNKNOWN,SEAWEA_UNKNOWN,102.51615,22.56629,,
335,Thac Ba,Thac Ba,Thac Ba,Storage,Vietnam,1971,Operational,48.0,657.0,229.4166287,82.95173489,195.004134395,2940.0,1589.0,2490.0,17.7,-999.9,-999.9,34.88105227,-999.9,-999.9,120.0,Hydropower,SEAWEA_UNKNOWN,105.021718,21.747162,163.0,
1848,Hoa Binh,Hoa Binh,Hoa Binh,Storage,Vietnam,1994,Operational,128.0,660.0,212.6802287,124.4667463,208.0,9450.0,1846.0,9450.0,104.1,-999.9,-999.9,118.5766192,109.0,-999.9,1920.0,Hydropower,SEAWEA_UNKNOWN,105.31782,20.809831,36.0,
7028,Gelantan,Gelantan,Gelantan Dam,Storage,China,2009,Operational,113.0,466.0,10.81118519,7.424065415,7.97,348.2945752,196.5088397,296.05038892,51.4,-999.9,-999.9,444.2079268,-99.0,-999.9,390.0,Hydropower,SEAWEA_UNKNOWN,102.056621,22.703891,30.0,
7085,Ban Chat,Ban Chat,Ban Chat,Storage,Vietnam,2013,Operational,125.0,420.0,61.26323058,40.05494817,46.43,2053.452159,1101.932052,1702.0,36.7,-999.9,-999.9,458.3056003,-999.9,-999.9,220.0,Hydropower,SEAWEA_UNKNOWN,103.826241,21.861552,7.0,
7087,Bac Ha,Bac Ha,Coc Ly ,SEAWEA_UNKNOWN,Vietnam,2008,Operational,78.0,438.0,7.438703505,4.569811797,6.0,201.8285889,86.07980949,171.0,26.9,-999.9,-999.9,166.3781918,-99.0,-999.9,90.0,Hydropower,SEAWEA_UNKNOWN,104.196275,22.507928,6.0,
7096,Huoi Quang,Huoi Quang,Huoi Quang,Storage,Vietnam,2016,Operational,104.0,267.0,9.485822107,7.920309894,8.7,223.7684711,156.4517148,184.0,25.0,-999.9,-999.9,365.9167133,-999.9,-999.9,520.0,Hydropower,SEAWEA_UNKNOWN,103.876041,21.697785,42.0,
7097,Lai Chau,Lai Chau,Lai Chau,Storage,Vietnam,2016,Operational,137.0,620.0,37.25195125,26.0500061,31.664158562499995,1226.594479,722.6904804,1215.0,56.3,-999.9,-999.9,283.8361735,95.0,-999.9,1200.0,Hydropower,SEAWEA_UNKNOWN,102.98203,22.136812,74.0,
7115,Jupudu,Jupudu,Jufudu Dam,Storage,China,2007,Operational,95.0,320.0,6.18571721,4.270055716,4.85,152.9001154,78.42617256,129.96509809,36.0,-999.9,-999.9,508.9466649,-99.0,-999.9,285.0,Hydropower,SEAWEA_UNKNOWN,101.772592,22.903099,61.0,
7127,Nam Chien,Nam Chien,Nam Chien 1,Storage,Vietnam,2013,Operational,283.0,390.0,4.027662175,2.411268196,3.4235128487499997,169.9053151,64.91978124,154.0,67.3,-999.9,-999.9,921.3451565,-99.0,-999.9,200.0,Hydropower,SEAWEA_UNKNOWN,104.144193,21.594475,100.0,
7132,Son La,Son La,Son La,Storage,Vietnam,2012,Operational,138.0,962.0,235.1632028,154.8845616,224.0,9260.0,3100.0,9260.0,45.8,-999.9,-999.9,191.0205744,78.0,-999.9,2400.0,Hydropower,SEAWEA_UNKNOWN,103.99589,21.497326,151.0,
7137,Tuyen Quang,Tuyen Quang,Tuyen Quang,Storage,Vietnam,2008,Operational,92.0,718.0,77.712936,34.02041132,66.0559956,2499.224416,487.1427431,2245.0,34.5,-999.9,-999.9,89.218077,-99.0,-999.9,342.0,Hydropower,SEAWEA_UNKNOWN,105.39934,22.361883,170.0,
7148,Malutang,Malutang,Malutang Dam,Storage,China,2009,Operational,154.0,493.0,12.77144389,4.603505856,7.77,632.1571088,147.4185907,546.0,70.4,-999.9,-999.9,576.9800651,340.0,-999.9,400.0,Hydropower,SEAWEA_UNKNOWN,104.744073,23.017413,90.0,
7155,Nalan,Nalan,SEAWEA_UNKNOWN,SEAWEA_UNKNOWN,China,2005,Operational,109.0,333.0,7.878792431,4.65859173,6.0,232.4654053,118.7211825,197.595594505,44.9,-999.9,-999.9,405.7257246,-999.9,-999.9,150.0,Hydropower,SEAWEA_UNKNOWN,103.019659,22.718026,99.0,
7156,Nansha,Nansha,SEAWEA_UNKNOWN,SEAWEA_UNKNOWN,China,2008,Operational,85.0,85.0,9.872022587,5.613577788,8.0,244.6734551,86.89184928,212.0,28.3,-999.9,-999.9,251.6718597,-99.0,-999.9,150.0,Hydropower,SEAWEA_UNKNOWN,102.855762,23.231402,125.0,
7171,Shimenkan,Shimenkan,Yunnan Lixianjiang Shimenkan,Storage,China,2010,Operational,116.0,356.0,6.219367093,4.157924649,4.4,186.4439773,101.0524398,158.477380705,44.9,-999.9,-999.9,736.873246,70.0,-999.9,130.0,Hydropower,SEAWEA_UNKNOWN,101.504055,23.022381,146.0,
7175,Sinanjiang,Sinanjiang,Sinanjiang Dam,Storage,China,2008,Operational,115.0,366.0,8.593150927,4.091472365,6.85,264.2797569,86.04196203,224.637793365,39.7,-999.9,-999.9,873.5991864,-99.0,-999.9,201.0,Hydropower,SEAWEA_UNKNOWN,101.873658,23.093604,148.0,
7187,Madushan,Madushan,Madushan Dam,SEAWEA_UNKNOWN,China,2011,Operational,108.0,353.0,21.26445873,14.14467679,19.0,506.072022,286.3102744,430.1612187,36.0,-999.9,-999.9,206.5005143,67.0,-999.9,288.0,Hydropower,SEAWEA_UNKNOWN,103.284051,23.047537,85.0,
7203,Yayangshan,Yayangshan,Yayangshan Dam,Storage,China,2006,Operational,88.0,236.0,8.668653277,4.363136652,7.64,247.0,134.0,247.0,32.4,-999.9,-999.9,811.1095279,80.0,-999.9,120.0,Hydropower,SEAWEA_UNKNOWN,101.394665,23.101014,183.0,
7211,Puxiqiao,Puxiqiao,Yunnan Puxiqiao,Run of River,China,2013,Operational,144.0,400.0,12.00014687,5.914362447,10.2001248395,458.3939116,152.0520752,389.63482486,68.8,-999.9,-999.9,701.0412848,109.0,-999.9,190.0,Hydropower,SEAWEA_UNKNOWN,101.603999,23.143859,136.0,
38723,SEAWEA_UNKNOWN,Meng Ye Jiang,SEAWEA_UNKNOWN,SEAWEA_UNKNOWN,China,2013,Operational,79.0,205.4,13.59,-99.0,-99.0,37.15,-99.0,-99.0,15.8,-999.9,-999.9,-999.9,-999.9,-999.9,68.0,Hydropower,SEAWEA_UNKNOWN,101.598417,22.759708,,
38727,SEAWEA_UNKNOWN,SEAWEA_UNKNOWN,Yunnan Maguan Huabazi,Run of River,China,2008,Operational,-99.0,-99.0,-99.0,-99.0,1.98,-99.0,-99.0,-99.0,15.7,-999.9,-999.9,-999.9,66.8,-999.9,30.0,SEAWEA_UNKNOWN,SEAWEA_UNKNOWN,103.947284,23.020363,,
39359,Khao Mang - Upper and lower (Thủy điện Khao Mang Thượng & Hạ,SEAWEA_UNKNOWN,Khao Mang 1 ,SEAWEA_UNKNOWN,Vietnam,2015,Operational,-99.0,-99.0,-99.0,-99.0,-99.0,-99.0,-99.0,-99.0,15.5,-999.9,-999.9,-999.9,-999.9,-999.9,30.0,SEAWEA_UNKNOWN,SEAWEA_UNKNOWN,104.037115,21.859212,,
38049,Bao Lam 3,SEAWEA_UNKNOWN,Bao Lam 3 ,SEAWEA_UNKNOWN,Vietnam,2018,Operational,-99.0,-99.0,-99.0,-99.0,-99.0,-99.0,-99.0,-99.0,-99.0,-999.9,-999.9,-999.9,-999.9,-999.9,46.0,SEAWEA_UNKNOWN,SEAWEA_UNKNOWN,105.487223,23.011625,,
38433,Muong Hum,Muong Hum,Muong Hum,Storage,Vietnam,2011,Operational,29.5,45.0,-99.0,-99.0,0.221,-99.0,-99.0,1.914,-99.0,-999.9,-999.9,-999.9,110.0,-999.9,32.0,SEAWEA_UNKNOWN,SEAWEA_UNKNOWN,103.714171,22.540516,,
38434,SEAWEA_UNKNOWN,Ngoi Phat,Ngoi Phat,Run of River,Vietnam,2014,Operational,20.0,95.0,0.257,-99.0,0.257,-99.0,-99.0,2.099,-99.0,-999.9,-999.9,-999.9,301.8,-999.9,72.0,SEAWEA_UNKNOWN,SEAWEA_UNKNOWN,103.743602,22.554526,,
38576,SEAWEA_UNKNOWN,Yunnan Amojiang Sanjiangkou,Yunnan Amojiang Sanjiangkou,Storage,China,2010,Operational,61.5,-99.0,-99.0,-99.0,3.127,1491.0,-99.0,84.52,-99.0,-999.9,-999.9,-999.9,49.7,-999.9,99.0,Hydropower,SEAWEA_UNKNOWN,101.746333,23.120206,,
38577,SEAWEA_UNKNOWN,Da Wan,Yunnan Lishe River Dawan,Run of River,China,2014,Operational,49.86,175.46,-99.0,-99.0,1.53,-99.0,-99.0,-99.0,-99.0,-999.9,-999.9,-999.9,56.0,-999.9,49.0,Hydropower,SEAWEA_UNKNOWN,101.309522,24.526172,,
38638,Nam Na 2,Nam Na 2,Nam Na 2,Run of River,Vietnam,2015,Operational,24.5,-99.0,-99.0,-99.0,-99.0,-99.0,-99.0,12.38,-99.0,-999.9,-999.9,-999.9,17.0,-999.9,66.0,Hydropower,SEAWEA_UNKNOWN,103.232436,22.493406,,
38717,Coc San,Coc San,Coc San,SEAWEA_UNKNOWN,Vietnam,2016,Operational,15.0,-99.0,-99.0,-99.0,-99.0,-99.0,-99.0,0.1299999999999999,-99.0,-999.9,-999.9,-999.9,-99.0,-999.9,30.0,Hydropower,SEAWEA_UNKNOWN,103.9034,22.414583,,
39248,SEAWEA_UNKNOWN,SEAWEA_UNKNOWN,Nam Cun ,SEAWEA_UNKNOWN,Vietnam,2018,Operational,-99.0,-99.0,-99.0,-99.0,-99.0,-99.0,-99.0,-99.0,-99.0,-999.9,-999.9,-999.9,-999.9,-999.9,40.0,SEAWEA_UNKNOWN,SEAWEA_UNKNOWN,103.984809,22.26603,,
39250,SEAWEA_UNKNOWN,Ta Thang,Ta Thang,Run of River,Vietnam,2013,Operational,-99.0,-99.0,-99.0,-99.0,0.2,-99.0,-99.0,-99.0,-99.0,-999.9,-999.9,-999.9,148.2,-999.9,60.0,SEAWEA_UNKNOWN,SEAWEA_UNKNOWN,104.022066,22.298658,,
39281,Long Tao (Thủy điện Long Tạo),SEAWEA_UNKNOWN,Long Tao ,SEAWEA_UNKNOWN,Vietnam,2019,Operational,-99.0,-99.0,-99.0,-99.0,-99.0,-99.0,-99.0,-99.0,-99.0,-999.9,-999.9,-999.9,-999.9,-999.9,42.0,SEAWEA_UNKNOWN,SEAWEA_UNKNOWN,103.214645,21.713375,,
39282,Nam Muc (Thủy điện Nậm Mức),Nam Muc,Nam Muc,Storage,Vietnam,2014,Operational,55.5,207.5,1.47,-99.0,-99.0,27.7,-99.0,27.7,-99.0,-999.9,-999.9,-999.9,50.9,-999.9,44.0,Hydropower,SEAWEA_UNKNOWN,103.29345,21.798174,,
39302,Coc Ly,Coc Ly,Coc Ly,Storage,Vietnam,2012,Operational,77.6,61.0,-99.0,-99.0,2.76,-99.0,-99.0,171.0,-99.0,-999.9,-999.9,-999.9,20.0,-999.9,90.0,Hydropower,SEAWEA_UNKNOWN,103.160632,22.298633,,
2069,SEAWEA_UNKNOWN,Maguan Daliangzi Hydro,Maguan Daliangzi Hydro,SEAWEA_UNKNOWN,China,2006,Operational,-99.0,-999.9,-999.9,-999.9,-999.9,-999.9,-999.9,-999.9,-999.9,-999.9,-999.9,-999.9,279.0,-999.9,32.0,SEAWEA_UNKNOWN,SEAWEA_UNKNOWN,104.3933,23.023,,
2528,SEAWEA_UNKNOWN,SEAWEA_UNKNOWN,Yunnan Yunpeng,SEAWEA_UNKNOWN,China,2005,Operational,-999.9,-999.9,-999.9,-999.9,-999.9,-999.9,-999.9,-999.9,-999.9,-999.9,-999.9,-999.9,62.0,-999.9,210.0,SEAWEA_UNKNOWN,SEAWEA_UNKNOWN,102.2025,24.2016,,
7675,Nam Chien 2 (Thủy điện Nậm Chiến 2),Nam Chien 2,Nam Chien 2,Storage,Vietnam,2009,Operational,75.0,75.0,-999.9,-999.9,0.267,3.7,-999.9,-999.9,-999.9,-999.9,-999.9,-999.9,82.3,-999.9,32.0,Hydropower,SEAWEA_UNKNOWN,104.0908,21.5001,,
7679,Nam La,Nam La,Nam La,Storage,Vietnam,2011,Operational,-99.0,-999.9,-999.9,-999.9,0.27,-999.9,-999.9,0.1669999999999999,-999.9,-999.9,-999.9,-999.9,413.0,-999.9,32.0,SEAWEA_UNKNOWN,SEAWEA_UNKNOWN,103.9836,21.4049,,
7691,SEAWEA_UNKNOWN,Ngoi Hut 2,Ngoi Hut 2,Storage,Vietnam,2014,Operational,44.0,-999.9,-999.9,-999.9,0.21,-999.9,-999.9,2.49,-999.9,-999.9,-999.9,-999.9,338.02,-999.9,48.0,SEAWEA_UNKNOWN,SEAWEA_UNKNOWN,104.3324,21.7938,,
7695,SEAWEA_UNKNOWN,Nho Que 3,Nho Que 3,Storage,Vietnam,2012,Operational,-99.0,-999.9,0.43,-999.9,0.0043,-999.9,-999.9,2.18,-999.9,-999.9,-999.9,-999.9,-99.0,-999.9,110.0,Hydropower,SEAWEA_UNKNOWN,105.5154,23.1433,,
7726,SEAWEA_UNKNOWN,Su Pan II,Su Pan 2,Run of River,Vietnam,2011,Operational,261.0,-999.9,-999.9,-999.9,-999.9,-999.9,-999.9,-999.9,-999.9,-999.9,-999.9,-999.9,260.93,-999.9,34.5,SEAWEA_UNKNOWN,SEAWEA_UNKNOWN,103.9622,22.2647,,
7729,SEAWEA_UNKNOWN,Suoi Sap 3,Suoi Sap 3,Run of River,Vietnam,2011,Operational,47.0,60.0,-999.9,-999.9,0.298,3269.0,-999.9,-999.9,-999.9,-999.9,-999.9,-999.9,73.79,-999.9,14.0,Hydropower,SEAWEA_UNKNOWN,104.4954,21.2235,,
5,Mong An,SEAWEA_UNKNOWN,Mong An ,SEAWEA_UNKNOWN,Vietnam,2020,Operational,-999.9,-999.9,-999.9,-999.9,-999.9,-999.9,-999.9,-999.9,-999.9,-999.9,-999.9,-999.9,-999.9,-999.9,30.0,SEAWEA_UNKNOWN,SEAWEA_UNKNOWN,105.48805,22.85437,,
7,SEAWEA_UNKNOWN,SEAWEA_UNKNOWN,Nam Phang A ,SEAWEA_UNKNOWN,Vietnam,2012,Operational,-999.9,-999.9,-999.9,-999.9,-999.9,-999.9,-999.9,-999.9,-999.9,-999.9,-999.9,-999.9,-999.9,-999.9,36.0,SEAWEA_UNKNOWN,SEAWEA_UNKNOWN,104.34081,22.44679,,
8,SEAWEA_UNKNOWN,SEAWEA_UNKNOWN,Nam Xay Luang 4-5 ,SEAWEA_UNKNOWN,Vietnam,2019,Operational,-999.9,-999.9,-999.9,-999.9,-999.9,-999.9,-999.9,-999.9,-999.9,-999.9,-999.9,-999.9,-999.9,-999.9,30.0,SEAWEA_UNKNOWN,SEAWEA_UNKNOWN,104.07192,21.98969,,
13,SEAWEA_UNKNOWN,SEAWEA_UNKNOWN,Thuan Hoa ,SEAWEA_UNKNOWN,Vietnam,2017,Operational,-999.9,-999.9,-999.9,-999.9,-999.9,-999.9,-999.9,-999.9,-999.9,-999.9,-999.9,-999.9,-999.9,-999.9,38.0,SEAWEA_UNKNOWN,SEAWEA_UNKNOWN,105.03472,22.95987,,
32,Bac Me,Bac Me,Bac Me ,SEAWEA_UNKNOWN,Vietnam,2017,Operational,260.0,36.0,3.2,-999.9,-999.9,4.0,-999.9,-999.9,-999.9,-999.9,-999.9,-999.9,-999.9,-999.9,45.0,Hydropower,SEAWEA_UNKNOWN,105.403696,22.738328,,
46,Bao Lam 1,Bao Lam,Bao Lam 1 ,SEAWEA_UNKNOWN,Vietnam,2016,Operational,-999.9,-999.9,-999.9,-999.9,-999.9,-999.9,-999.9,-999.9,-999.9,-999.9,-999.9,-999.9,-999.9,-999.9,30.0,Hydropower,SEAWEA_UNKNOWN,105.54912,22.94179,,
65,Chiem Hoa,SEAWEA_UNKNOWN,Chiem Hoa ,SEAWEA_UNKNOWN,Vietnam,2013,Operational,-999.9,-999.9,-999.9,-999.9,-999.9,-999.9,-999.9,-999.9,-999.9,-999.9,-999.9,-999.9,-999.9,-999.9,48.0,SEAWEA_UNKNOWN,SEAWEA_UNKNOWN,105.329048,22.196526,,
297,SEAWEA_UNKNOWN,SEAWEA_UNKNOWN,Nam Cum 4 ,SEAWEA_UNKNOWN,Vietnam,2022,Operational,-999.9,-999.9,-999.9,-999.9,-999.9,-999.9,-999.9,-999.9,-999.9,-999.9,-999.9,-999.9,-999.9,-999.9,54.0,SEAWEA_UNKNOWN,SEAWEA_UNKNOWN,102.57077,22.52271,,
325,Nam Na 1 (Thủy điện Nậm Na 1),SEAWEA_UNKNOWN,Nam Na 1 ,SEAWEA_UNKNOWN,Vietnam,2017,Operational,-999.9,-999.9,-999.9,-999.9,-999.9,-999.9,-999.9,-999.9,-999.9,-999.9,-999.9,-999.9,-999.9,-999.9,30.0,SEAWEA_UNKNOWN,SEAWEA_UNKNOWN,103.26108,22.5956,,
346,Nam Toong,Nam Toong,Nam Toong ,SEAWEA_UNKNOWN,Vietnam,2016,Operational,-999.9,-999.9,-999.9,-999.9,-999.9,-999.9,-999.9,-999.9,-999.9,-999.9,-999.9,-999.9,-999.9,-999.9,30.0,SEAWEA_UNKNOWN,SEAWEA_UNKNOWN,103.9442,22.22246,,
366,SEAWEA_UNKNOWN,Nho Que 1,Nho Que 1 ,SEAWEA_UNKNOWN,Vietnam,2018,Operational,53.6,-999.9,-999.9,-999.9,-999.9,-999.9,-999.9,-999.9,-999.9,-999.9,-999.9,-999.9,-999.9,-999.9,32.0,SEAWEA_UNKNOWN,SEAWEA_UNKNOWN,105.43083,23.23028,,
367,SEAWEA_UNKNOWN,Nho Que 2,Nho Que 2 ,SEAWEA_UNKNOWN,Vietnam,2016,Operational,-999.9,-999.9,-999.9,-999.9,-999.9,-999.9,-999.9,-999.9,-999.9,-999.9,-999.9,-999.9,-999.9,-999.9,48.0,Hydropower,SEAWEA_UNKNOWN,105.48504,23.17802,,
415,SEAWEA_UNKNOWN,SEAWEA_UNKNOWN,Song Bac ,SEAWEA_UNKNOWN,Vietnam,2014,Operational,-999.9,-999.9,-999.9,-999.9,-999.9,-999.9,-999.9,-999.9,-999.9,-999.9,-999.9,-999.9,-999.9,-999.9,42.0,SEAWEA_UNKNOWN,SEAWEA_UNKNOWN,104.72285,22.45247,,
433,SEAWEA_UNKNOWN,SEAWEA_UNKNOWN,Song Lo 6 ,SEAWEA_UNKNOWN,Vietnam,2020,Operational,-999.9,-999.9,-999.9,-999.9,-999.9,-999.9,-999.9,-999.9,-999.9,-999.9,-999.9,-999.9,-999.9,-999.9,48.0,SEAWEA_UNKNOWN,SEAWEA_UNKNOWN,104.91798,22.29479,,
454,SEAWEA_UNKNOWN,SEAWEA_UNKNOWN,Su Pan 1 ,SEAWEA_UNKNOWN,Vietnam,2019,Operational,-999.9,-999.9,-999.9,-999.9,-999.9,-999.9,-999.9,-999.9,-999.9,-999.9,-999.9,-999.9,-999.9,-999.9,30.0,SEAWEA_UNKNOWN,SEAWEA_UNKNOWN,103.914327,22.290895,,
494,SEAWEA_UNKNOWN,SEAWEA_UNKNOWN,Thai An ,SEAWEA_UNKNOWN,Vietnam,2010,Operational,-999.9,-999.9,-999.9,-999.9,-999.9,-999.9,-999.9,-999.9,-999.9,-999.9,-999.9,-999.9,-999.9,-999.9,82.0,SEAWEA_UNKNOWN,SEAWEA_UNKNOWN,105.065863,22.999275,,
6510,SEAWEA_UNKNOWN,Tukahe,SEAWEA_UNKNOWN,SEAWEA_UNKNOWN,China,2007,Operational,59.2,300.0,12.0,-999.9,-999.9,78.0,-999.9,-999.9,-999.9,-999.9,-999.9,-999.9,-999.9,-999.9,165.0,Hydropower,SEAWEA_UNKNOWN,102.284836,22.595526,,
6522,SEAWEA_UNKNOWN,Ma Lu Tang 2,SEAWEA_UNKNOWN,SEAWEA_UNKNOWN,China,2010,Operational,154.0,493.4,-999.9,-999.9,-999.9,545.65,-999.9,-999.9,-999.9,-999.9,-999.9,-999.9,-999.9,-999.9,240.0,Hydropower,SEAWEA_UNKNOWN,104.790704,22.982171,,
6546,SEAWEA_UNKNOWN,Chang Tian,SEAWEA_UNKNOWN,SEAWEA_UNKNOWN,China,2011,Operational,-999.9,-999.9,-999.9,-999.9,-999.9,97.6,-999.9,-999.9,-999.9,-999.9,-999.9,-999.9,-999.9,-999.9,84.0,Hydropower,SEAWEA_UNKNOWN,101.517878,23.293678,,
6609,SEAWEA_UNKNOWN,Lu Fang,SEAWEA_UNKNOWN,SEAWEA_UNKNOWN,China,1979,Operational,67.0,-999.9,-999.9,-999.9,-999.9,43.0,-999.9,-999.9,-999.9,-999.9,-999.9,-999.9,-999.9,-999.9,30.0,Hydropower,SEAWEA_UNKNOWN,101.960025,24.689962,,
2144,SEAWEA_UNKNOWN,Amojiang Sanjiangkou,SEAWEA_UNKNOWN,SEAWEA_UNKNOWN,China,1989,Operational,-99.0,-999.9,-999.9,-999.9,-999.9,-999.9,-999.9,-999.9,-999.9,-999.9,-999.9,-999.9,-99.0,-999.9,99.0,SEAWEA_UNKNOWN,SEAWEA_UNKNOWN,101.44,23.07,,
2199,SEAWEA_UNKNOWN,Yunpeng,SEAWEA_UNKNOWN,SEAWEA_UNKNOWN,China,2016,Operational,97.0,-999.9,-999.9,-999.9,-999.9,-999.9,-999.9,-999.9,-999.9,-999.9,-999.9,-999.9,-99.0,-999.9,210.0,SEAWEA_UNKNOWN,SEAWEA_UNKNOWN,101.92,23.942,,
353,Nam Phang,SEAWEA_UNKNOWN,SEAWEA_UNKNOWN,SEAWEA_UNKNOWN,Vietnam,2012,Operational,-999.9,-999.9,-999.9,-999.9,-999.9,-999.9,-999.9,-999.9,-999.9,-999.9,-999.9,-999.9,-999.9,-999.9,36.0,SEAWEA_UNKNOWN,SEAWEA_UNKNOWN,104.1905,22.42083,,
22,Kabaung,Kyee On Kyee Wa,SEAWEA_UNKNOWN,Storage,Myanmar,2007,Operational,61.0,-99.0,49.55700613,23.33107663,42.1234552105,861.1323236,269.3108716,-99.0,19.8,-999.9,-999.9,112.0976247,-99.0,-999.9,30.0,Multiple purpose,SEAWEA_UNKNOWN,96.217958,18.897358,54.0,
23,Phyu Creek,Phyu Creek,Phyu Creek,Storage,Myanmar,2017,Operational,75.0,-99.0,51.31592578,25.01740295,43.618536913,787.9716801,268.8574101,780.0,-99.0,-999.9,-999.9,142.8184958,-999.9,-999.9,40.0,Multiple purpose,SEAWEA_UNKNOWN,96.351935,18.50659,55.0,
7075,Lower Paunglaung,Lower Paunglaung,Paunglaung,Storage,Myanmar,2005,Operational,131.0,945.0,16.60617974,12.46979425,13.9,708.1552695,455.1986962,690.0,49.8,-999.9,-999.9,183.2138063,103.6,-999.9,280.0,Hydropower,SEAWEA_UNKNOWN,96.336506,19.786613,82.0,
7076,Upper Paunglaung,Upper Paunglaung,SEAWEA_UNKNOWN,Storage,Myanmar,2015,Operational,103.0,537.0,78.71656032,55.67828043,66.909076272,2107.817414,1140.836568,1300.0,26.2,-999.9,-999.9,366.9715531,-99.0,-999.9,140.0,Hydropower,SEAWEA_UNKNOWN,96.594087,19.754995,172.0,
7077,Shwegyin,Shwegyin,Shwegyin,Storage,Myanmar,2011,Operational,56.0,-99.0,87.80326829,66.84078763,79.62,1867.430928,1163.302612,1587.3162888,26.2,-999.9,-999.9,59.75639174,41.4,-999.9,75.2,Hydropower,SEAWEA_UNKNOWN,96.935155,17.972725,147.0,
39347,Thaukyegat 2 (Thauk Ye Khat 2),SEAWEA_UNKNOWN,SEAWEA_UNKNOWN,Storage,Myanmar,2012,Operational,94.0,-99.0,-99.0,-99.0,13.8,444.0,-99.0,-99.0,18.4,-999.9,-999.9,-999.9,-999.9,-999.9,120.0,Hydropower,SEAWEA_UNKNOWN,96.620234,18.914352,,
39383,Kun Chaung,Kun Chaung,Kun,Storage,Myanmar,2011,Operational,73.0,-99.0,78.37733659,49.19102481,66.6207361015,1289.803463,589.6377916,-99.0,20.2,-999.9,-999.9,163.0104122,106.0,-999.9,60.0,Multiple purpose,SEAWEA_UNKNOWN,96.363091,18.419623,56.0,
39369,Nancho,Nancho,SEAWEA_UNKNOWN,Run of River,Myanmar,2010,Operational,72.0,-99.0,-99.0,-99.0,0.3,9.0,-99.0,-99.0,-99.0,-999.9,-999.9,-999.9,-999.9,-999.9,40.0,Hydropower,SEAWEA_UNKNOWN,96.082909,19.797673,,
4217,SEAWEA_UNKNOWN,Khabaung,Khabaung,SEAWEA_UNKNOWN,Myanmar,2008,Operational,-99.0,-999.9,-999.9,-999.9,-999.9,-999.9,-999.9,-999.9,-999.9,-999.9,-999.9,-999.9,-99.0,-999.9,30.0,SEAWEA_UNKNOWN,SEAWEA_UNKNOWN,96.717,19.16,,
46,SEAWEA_UNKNOWN,SEAWEA_UNKNOWN,SEAWEA_UNKNOWN,SEAWEA_UNKNOWN,Myanmar,2003,Operational,-999.9,-999.9,11.86187354,5.675442025,-999.9,136.9242916,35.91316234,-999.9,-999.9,-999.9,-999.9,75.18604683,-999.9,-999.9,-999.9,SEAWEA_UNKNOWN,SEAWEA_UNKNOWN,96.4361,17.8562,46.0,
58,SEAWEA_UNKNOWN,SEAWEA_UNKNOWN,SEAWEA_UNKNOWN,SEAWEA_UNKNOWN,Myanmar,2002,Operational,-999.9,-999.9,22.37417553,9.13177115,-999.9,162.0457409,46.27873376,-999.9,-999.9,-999.9,-999.9,145.2488802,-999.9,-999.9,-999.9,SEAWEA_UNKNOWN,SEAWEA_UNKNOWN,96.3052,18.0086,58.0,
10179,Zaungtu,Zaungtu,Zaungtu,Storage,Myanmar,2000,Operational,45.0,-999.9,-999.9,-999.9,2.57,407.0,-999.9,16.19,16.6,-999.9,-999.9,-999.9,-99.0,-999.9,20.0,Hydropower,SEAWEA_UNKNOWN,96.197917,17.756465,,
333,Barkal,Karnafuli,Kaptai Hydro:Unit-1 2 3 4 5,Storage,Bangladesh,1962,Operational,46.0,671.0,777.0,400.0,777.0,6500.0,5021.0,6477.0,19.9,-999.9,-999.9,-999.9,-999.9,-999.9,230.0,Hydropower,SEAWEA_UNKNOWN,92.228125,22.495122,,
1805,SEAWEA_UNKNOWN,Gumti,SEAWEA_UNKNOWN,Storage,India,1976,Operational,30.0,103.0,-99.0,-99.0,34.0,-99.0,-99.0,312.0,9.1,-999.9,-999.9,-999.9,-99.0,-999.9,15.0,Hydropower,SEAWEA_UNKNOWN,91.814231,23.462017,,
346,Sirikit,Sirikit,Sirikit,Storage,Thailand,1974,Operational,114.0,800.0,320.0,166.2317988,260.0,10508.3199,6660.0,9510.0,37.9,-999.9,-999.9,136.4952102,84.3,-999.9,500.0,Irrigation,SEAWEA_UNKNOWN,100.560357,17.764675,149.0,
348,Bhumibol,Bhumibol,Bhumibol,Storage,Thailand,1964,Operational,154.0,486.0,300.0,120.0,300.0,13462.0,9662.0,13462.0,60.9,-999.9,-999.9,233.8127418,100.0,-999.9,744.0,Irrigation,SEAWEA_UNKNOWN,98.971794,17.243734,12.0,
360,Pasak Chonlasit,Pasak Chonlasit,SEAWEA_UNKNOWN,SEAWEA_UNKNOWN,Thailand,1999,Operational,185.0,4860.0,100.0,-99.0,-99.0,5950.0,4100.0,5950.0,51.7,-999.9,-999.9,-999.9,-999.9,-999.9,-99.0,Water supply,SEAWEA_UNKNOWN,101.086458,14.852408,,
1872,Mae Ngat,Mae Ngat,SEAWEA_UNKNOWN,Storage,Thailand,1985,Operational,59.0,1950.0,15.60243005,6.458609612,13.2620655425,322.89,37.85872383,265.0,23.0,-999.9,-999.9,381.5678603,-99.0,-999.9,9.0,SEAWEA_UNKNOWN,SEAWEA_UNKNOWN,99.039648,19.164673,88.0,
1884,Kiwlom,Kiwlom,SEAWEA_UNKNOWN,SEAWEA_UNKNOWN,Thailand,1972,Operational,42.0,135.0,5.35184164,9.680635286,9.680635286,106.22,-99.0,112.0,8.5,-999.9,-999.9,288.8248878,-999.9,-999.9,-99.0,Irrigation,SEAWEA_UNKNOWN,99.622574,18.522013,70.0,
1919,Tabsalao,Tabsalao,SEAWEA_UNKNOWN,SEAWEA_UNKNOWN,Thailand,1988,Operational,27.0,3375.0,19.0,0.5,19.0,190.0,21.56406285,160.0,10.6,-999.9,-999.9,144.5108235,-999.9,-999.9,-99.0,Irrigation,SEAWEA_UNKNOWN,99.446505,15.53544,159.0,
1927,Krasoew,Krasoew,SEAWEA_UNKNOWN,SEAWEA_UNKNOWN,Thailand,1979,Operational,33.0,4250.0,44.92592669,25.31914988,35.0,390.0,57.74844077,240.0,6.3,-999.9,-999.9,81.02664979,-999.9,-999.9,-99.0,Multiple purpose,SEAWEA_UNKNOWN,99.656075,14.835896,71.0,
5079,Mae Kuang,Mae Kuang,SEAWEA_UNKNOWN,SEAWEA_UNKNOWN,Thailand,1991,Operational,73.0,610.0,11.6,0.1,11.6,295.0,36.5176253,263.0,45.1,-999.9,-999.9,351.3971262,-999.9,-999.9,-99.0,Multiple purpose,SEAWEA_UNKNOWN,99.122917,18.92752,87.0,
5087,Mae Chang,Mae Chang,SEAWEA_UNKNOWN,SEAWEA_UNKNOWN,Thailand,1983,Operational,40.0,760.0,12.3,0.3,12.3,108.6,92.7,108.6,11.0,-999.9,-999.9,342.8364487,-999.9,-999.9,-99.0,Water supply,SEAWEA_UNKNOWN,99.8035,18.307753,86.0,
39333,Kwai Noi Bumrung Dan Dam,Kheaw Noi,SEAWEA_UNKNOWN,SEAWEA_UNKNOWN,Thailand,2009,Operational,-99.0,-99.0,-99.0,-99.0,-99.0,1080.0,-99.0,939.0,19.5,-999.9,-999.9,-999.9,-999.9,-999.9,30.0,SEAWEA_UNKNOWN,SEAWEA_UNKNOWN,100.414752,17.181316,,
39345,SEAWEA_UNKNOWN,Kiew Kor Mah,SEAWEA_UNKNOWN,SEAWEA_UNKNOWN,Thailand,2008,Operational,-99.0,-99.0,-99.0,-99.0,-99.0,209.0,-99.0,170.0,17.9,-999.9,-999.9,-999.9,-999.9,-999.9,-99.0,SEAWEA_UNKNOWN,SEAWEA_UNKNOWN,99.645397,18.808086,,
14733,SEAWEA_UNKNOWN,Mae Ngat Sombunchol,SEAWEA_UNKNOWN,SEAWEA_UNKNOWN,Thailand,1985,Operational,59.0,1950.0,1.6,-999.9,16.0,265.0,-999.9,-999.9,23.0,-999.9,-999.9,-999.9,-999.9,-999.9,-999.9,Multiple purpose,SEAWEA_UNKNOWN,99.03333333,19.15,,
14740,SEAWEA_UNKNOWN,Mae Teeb,SEAWEA_UNKNOWN,SEAWEA_UNKNOWN,Thailand,1987,Operational,24.0,-999.9,37.5,-999.9,-999.9,1000.0,-999.9,-999.9,-999.9,-999.9,-999.9,-999.9,-999.9,-999.9,-999.9,Water supply,SEAWEA_UNKNOWN,98.65444444,17.86194444,,
361,Khao Laem,Khao Laem,Vajiralongkorn,Storage,Thailand,1985,Operational,92.0,1019.0,388.0,280.0,388.0,8900.0,5848.0,8860.0,30.4,-999.9,-999.9,137.9186977,63.0,-999.9,300.0,Irrigation,SEAWEA_UNKNOWN,98.596417,14.799654,66.0,15.0
362,Srinagarind,Srinagarind,Srinagarind,Storage,Thailand,1978,Operational,140.0,610.0,419.0,380.0,419.0,17800.0,7470.0,17745.0,51.6,-999.9,-999.9,161.0250182,105.0,-999.9,720.0,Irrigation,SEAWEA_UNKNOWN,99.127083,14.410439,156.0,16.0
5121,Tha Thung Na Dam,Tha Tung Na,Tha Thung,Run of River,Thailand,1982,Operational,30.0,840.0,3.2,-99.0,11.4,54.8,28.8,54.8,17.1,-999.9,-999.9,-999.9,-999.9,-999.9,36.0,Hydropower,SEAWEA_UNKNOWN,99.234487,14.235406,,
372,SEAWEA_UNKNOWN,Dau Tieng,SEAWEA_UNKNOWN,SEAWEA_UNKNOWN,Vietnam,1985,Operational,28.0,1100.0,-99.0,-99.0,270.0,1580.0,-99.0,1580.0,8.5,-999.9,-999.9,-999.9,-999.9,-999.9,-99.0,Irrigation,SEAWEA_UNKNOWN,106.344789,11.323937,,
373,Tri An 1,Tri An 1,Tri An,Storage,Vietnam,1987,Operational,40.0,420.0,323.4,109.0,323.4,2765.0,1360.0,2765.0,10.0,-999.9,-999.9,41.9207593,-999.9,-999.9,400.0,Hydropower,SEAWEA_UNKNOWN,107.036189,11.106337,168.0,
1953,Ham Thuan 1,Ham Thuan 1,Ham Thuan - Da Mi,Storage,Vietnam,2001,Operational,93.0,586.0,26.73704231,16.28245956,25.2,721.3009963,299.739171,695.0,24.4,-999.9,-999.9,589.7693611,-999.9,-999.9,300.0,Hydropower,SEAWEA_UNKNOWN,107.933506,11.326775,35.0,
5165,Danhim,Danhim,Da Nhim,Storage,Vietnam,1964,Operational,38.0,1460.0,9.487006469,5.126065788,8.06395549865,143.3207884,20.83979587,121.82267014,20.8,-999.9,-999.9,1020.882985,-99.0,-999.9,160.0,Hydropower,SEAWEA_UNKNOWN,108.611458,11.853249,23.0,
5178,SEAWEA_UNKNOWN,Da Mi 1,Da Mi,Storage,Vietnam,2001,Operational,69.0,490.0,6.3,-99.0,6.3,141.0,-99.0,141.0,18.6,-999.9,-999.9,-999.9,-99.0,-999.9,175.0,SEAWEA_UNKNOWN,SEAWEA_UNKNOWN,107.838542,11.240839,,
7098,Dong Nai 2,Dong Nai II,Dong Nai 2,SEAWEA_UNKNOWN,Vietnam,2015,Operational,80.0,800.0,11.40672733,8.608245214,9.6957182305,258.8648575,166.8002665,220.03512887500003,37.2,-999.9,-999.9,671.3900177,-99.0,-999.9,70.0,Hydropower,SEAWEA_UNKNOWN,108.058603,11.713346,25.0,
7099,Dong Nai 3,Dong Nai III,Dong Nai 3,Storage,Vietnam,2009,Operational,108.0,586.0,54.18000754,37.55955749,46.053006409,1475.282446,831.0691699,1423.6,28.9,-999.9,-999.9,578.8388542,-99.0,-999.9,180.0,Hydropower,SEAWEA_UNKNOWN,107.890296,11.872197,26.0,
7100,Dong Nai 4,Dong Nai IV,Dong Nai 4,Storage,Vietnam,2010,Operational,128.0,509.0,8.670475465,6.399736385,8.5,334.4956999,218.7022251,284.321344915,49.4,-999.9,-999.9,473.8223412,-99.0,-999.9,340.0,Hydropower,SEAWEA_UNKNOWN,107.729931,11.884429,27.0,
7101,Thac Mo,Thac Mo,Thac Mo,Storage,Vietnam,1995,Operational,50.0,460.0,118.0579237,60.44278875,109.0,1019.15025,329.2884485,866.2777125,11.9,-999.9,-999.9,203.4395982,-999.9,-999.9,150.0,Flood control,SEAWEA_UNKNOWN,107.022483,11.847717,164.0,
7407,Dong Nai 5,Dong Nai 5,Dong Nai 5,Storage,Vietnam,2015,Operational,72.0,-99.0,-99.0,-99.0,3.68,-99.0,-99.0,106.0,29.0,-999.9,-999.9,-999.9,-99.0,-999.9,150.0,Hydropower,SEAWEA_UNKNOWN,107.553385,11.793564,,
40270,Da M'bri,Dam'Bri,Dam'Bri,Storage,Vietnam,2014,Operational,54.0,-99.0,-99.0,-99.0,-99.0,-99.0,-99.0,56.3,16.5,-999.9,-999.9,-999.9,419.4,-999.9,75.0,SEAWEA_UNKNOWN,SEAWEA_UNKNOWN,107.670274,11.585717,,
40271,Dai Ninh,Dai Ninh,Dai Ninh,Storage,Vietnam,2007,Operational,-99.0,-99.0,-99.0,-99.0,-99.0,-99.0,-99.0,319.77,18.5,-999.9,-999.9,-999.9,627.0,-999.9,300.0,SEAWEA_UNKNOWN,SEAWEA_UNKNOWN,108.320652,11.651127,,
40253,Da Dang 2,Da Dang 2,Da Dang 2,Run of River,Vietnam,2010,Operational,5.0,-99.0,-99.0,-99.0,-99.0,-99.0,-99.0,0.91,-99.0,-999.9,-999.9,-999.9,85.52,-999.9,34.0,SEAWEA_UNKNOWN,SEAWEA_UNKNOWN,108.246366,11.722192,,
40259,SEAWEA_UNKNOWN,Srok Phu Mieng,Srok Phu Mieng,SEAWEA_UNKNOWN,Vietnam,2006,Operational,-99.0,-99.0,-99.0,-99.0,-99.0,-99.0,-99.0,99.3,-99.0,-999.9,-999.9,-999.9,-99.0,-999.9,51.0,SEAWEA_UNKNOWN,SEAWEA_UNKNOWN,106.755712,11.768518,,
40260,Can Don,Can Don,Can Don,Storage,Vietnam,2004,Operational,-99.0,-99.0,-99.0,-99.0,-99.0,-99.0,-99.0,165.0,-99.0,-999.9,-999.9,-999.9,-99.0,-999.9,77.0,SEAWEA_UNKNOWN,SEAWEA_UNKNOWN,106.843431,11.968737,,
40269,Bac Binh,Bac Binh,Bac Binh,SEAWEA_UNKNOWN,Vietnam,2007,Operational,-999.9,-999.9,-999.9,-999.9,-999.9,-999.9,-999.9,5.890000000000001,14.7,-999.9,-999.9,-999.9,-999.9,-999.9,33.0,SEAWEA_UNKNOWN,SEAWEA_UNKNOWN,108.351677,11.45759,,
137,SEAWEA_UNKNOWN,SEAWEA_UNKNOWN,Dak R'Tih Lower ,SEAWEA_UNKNOWN,Vietnam,2011,Operational,-999.9,-999.9,-999.9,-999.9,-999.9,-999.9,-999.9,-999.9,-999.9,-999.9,-999.9,-999.9,-999.9,-999.9,62.0,SEAWEA_UNKNOWN,SEAWEA_UNKNOWN,107.672195,11.913306,,
231,Duc Thanh,SEAWEA_UNKNOWN,SEAWEA_UNKNOWN,SEAWEA_UNKNOWN,Vietnam,2018,Operational,-999.9,-999.9,-999.9,-999.9,-999.9,-999.9,-999.9,-999.9,-999.9,-999.9,-999.9,-999.9,-999.9,-999.9,30.0,SEAWEA_UNKNOWN,SEAWEA_UNKNOWN,107.271677,11.671296,,
381,Chiew Larn,Rajjaprabha,Rajjaprabha,Storage,Thailand,1987,Operational,94.0,969.0,330.0,165.0,330.0,6144.38,4200.0,5640.0,39.1,-999.9,-999.9,84.74050705,-99.0,-999.9,240.0,Irrigation,SEAWEA_UNKNOWN,98.793103,8.972899,139.0,17.0
1897,Ngamoeyeik,Ngamoeyeik,SEAWEA_UNKNOWN,SEAWEA_UNKNOWN,Myanmar,1996,Operational,23.0,-99.0,30.9898824,10.49727233,-99.0,122.9576112,15.25538344,104.51396952,8.6,-999.9,-999.9,26.54218429,-999.9,-999.9,-99.0,Irrigation,SEAWEA_UNKNOWN,96.155622,17.35294,127.0,
1900,Tabuhla,Tabuhla,SEAWEA_UNKNOWN,SEAWEA_UNKNOWN,Myanmar,1981,Operational,-99.0,-99.0,10.23057818,14.51881333,-99.0,240.036,240.0,240.0,17.4,-999.9,-999.9,37.1150119,-999.9,-999.9,-99.0,Water supply,SEAWEA_UNKNOWN,96.039583,17.248467,160.0,
45,Thonze,Thonze,SEAWEA_UNKNOWN,SEAWEA_UNKNOWN,Myanmar,2002,Operational,46.0,402.316367,24.56390805,11.44297865,-999.9,199.0140594,64.08688509,-999.9,-999.9,-999.9,-999.9,75.30048587,-999.9,-999.9,-999.9,Irrigation,SEAWEA_UNKNOWN,95.9791,17.7834,45.0,
47,SEAWEA_UNKNOWN,SEAWEA_UNKNOWN,SEAWEA_UNKNOWN,SEAWEA_UNKNOWN,Myanmar,2012,Operational,-999.9,-999.9,23.9944534,10.45406893,-999.9,171.941606,44.01106075,-999.9,-999.9,-999.9,-999.9,64.14047178,-999.9,-999.9,-999.9,SEAWEA_UNKNOWN,SEAWEA_UNKNOWN,96.3041,17.7207,47.0,
48,Unknown 88,SEAWEA_UNKNOWN,SEAWEA_UNKNOWN,SEAWEA_UNKNOWN,Myanmar,2012,Operational,-999.9,-999.9,16.62759101,6.703713628,-999.9,119.5248634,34.3897968,-999.9,-999.9,-999.9,-999.9,40.6842504,-999.9,-999.9,-999.9,Irrigation,SEAWEA_UNKNOWN,96.3652,17.5537,48.0,
59,Kantin-BeeLin,Kantin-BeeLin,SEAWEA_UNKNOWN,SEAWEA_UNKNOWN,Myanmar,2002,Operational,38.0,335.0,12.62563559,5.21781191,-999.9,105.0795037,25.57489222,-999.9,-999.9,-999.9,-999.9,73.8315922,-999.9,-999.9,-999.9,Irrigation,SEAWEA_UNKNOWN,95.9188,17.9612,59.0,
1938,Song Hinh 1,Song Hinh 1,Song Hinh,Storage,Vietnam,2000,Operational,42.0,940.0,57.16215599,22.67621466,41.0,379.6021695,73.17388285,357.0,10.8,-999.9,-999.9,155.6814635,141.0,-999.9,70.0,Hydropower,SEAWEA_UNKNOWN,108.947919,12.931252,153.0,
7126,Krong Hnang,Krong H'nang,Krong H'Nang ,SEAWEA_UNKNOWN,Vietnam,2010,Operational,49.0,1068.0,13.09031865,6.919032057,9.0,153.5781657,70.41466062,130.54144084499998,19.2,-999.9,-999.9,247.8224896,-99.0,-999.9,64.0,Hydropower,SEAWEA_UNKNOWN,108.714652,12.939641,73.0,
7133,Ba Ha,Ba Ha,Song Ba Ha,Storage,Vietnam,2009,Operational,46.0,1357.0,42.59318533,29.54513042,36.2042075305,307.0942172,186.7251902,261.03008461999997,7.9,-999.9,-999.9,102.1489048,-99.0,-999.9,220.0,Hydropower,SEAWEA_UNKNOWN,108.901747,13.018642,5.0,
7580,An Khe - Kanak,An Khe Kanak,An Khe - Kanak,Storage,Vietnam,2009,Operational,-99.0,-999.9,-999.9,-999.9,-999.9,-999.9,-999.9,329.0,-999.9,-999.9,-999.9,-999.9,377.5,-999.9,173.0,SEAWEA_UNKNOWN,SEAWEA_UNKNOWN,108.6796,14.0148,,
1939,Kaengkrachan,Kaengkrachan,SEAWEA_UNKNOWN,Storage,Thailand,1966,Operational,58.0,760.0,49.94441627,25.9925416,46.5,900.0,153.7656049,710.0,14.7,-999.9,-999.9,81.39775428,-99.0,-999.9,19.0,Hydropower,SEAWEA_UNKNOWN,99.629389,12.916373,62.0,
1944,Pranburi,Pranburi,SEAWEA_UNKNOWN,SEAWEA_UNKNOWN,Thailand,1978,Operational,42.0,1500.0,29.80330144,14.09208543,25.332806224,490.0,50.85529457,445.0,16.8,-999.9,-999.9,45.26106521,-999.9,-999.9,-99.0,Multiple purpose,SEAWEA_UNKNOWN,99.792168,12.468709,135.0,
1980,Pedu,Pedu,SEAWEA_UNKNOWN,SEAWEA_UNKNOWN,Malaysia,1969,Operational,61.0,220.0,55.88635614,40.26455078,-99.0,1100.0,305.2364462,1047.8,21.7,-999.9,-999.9,97.3577747,-999.9,-999.9,-99.0,Irrigation,SEAWEA_UNKNOWN,100.768807,6.239739,132.0,
10619,SEAWEA_UNKNOWN,Ahning,SEAWEA_UNKNOWN,SEAWEA_UNKNOWN,Malaysia,1989,Operational,-99.0,-99.0,12.0,-99.0,-99.0,275.0,-99.0,-99.0,17.8,-999.9,-999.9,-999.9,-999.9,-999.9,-99.0,Water supply,SEAWEA_UNKNOWN,100.728941,6.362639,,
1982,Bang Lang,Bang Lang,Bang Lang,Storage,Thailand,1981,Operational,85.0,422.0,51.0,24.97304539,50.9,1589.82875,1400.0,1404.0,34.1,-999.9,-999.9,101.1202062,58.0,-999.9,72.0,Irrigation,SEAWEA_UNKNOWN,101.271348,6.15479,9.0,
6898,Kamchay,Kamchay,Kamchay,Storage,Cambodia,2012,Operational,112.0,550.0,16.46462983,10.41545297,14.59,513.8476467,249.1864762,436.770499695,49.4,-999.9,-999.9,135.0790019,122.0,-999.9,193.0,Hydropower,SEAWEA_UNKNOWN,104.117228,10.704749,63.0,
6965,Beris,Beris,SEAWEA_UNKNOWN,SEAWEA_UNKNOWN,Malaysia,2004,Operational,40.0,155.0,11.82192335,8.063374724,10.0486348475,101.6327984,52.79741847,86.38787864,10.7,-999.9,-999.9,84.64156011,-999.9,-999.9,-99.0,Irrigation,SEAWEA_UNKNOWN,100.746798,5.972568,10.0,
7680,SEAWEA_UNKNOWN,Muda,SEAWEA_UNKNOWN,SEAWEA_UNKNOWN,Malaysia,1966,Operational,-99.0,-99.0,15.5,-99.0,-99.0,160.0,-99.0,-99.0,18.1,-999.9,-999.9,-999.9,-999.9,-999.9,-99.0,Irrigation,SEAWEA_UNKNOWN,100.857136,6.115809,,
7086,Ban Ve,Ban Ve,Ban Ve,Storage,Vietnam,2010,Operational,135.0,480.0,41.30651935,22.12418666,29.82,1539.449413,570.1269995,1308.53200105,61.7,-999.9,-999.9,169.4437178,46.41,-999.9,320.0,Hydropower,SEAWEA_UNKNOWN,104.483696,19.346401,8.0,
39305,Chi Khe,Chi Khe,Chi Khe ,SEAWEA_UNKNOWN,Vietnam,2017,Operational,-99.0,-99.0,-99.0,-99.0,-99.0,-99.0,-99.0,-99.0,-99.0,-999.9,-999.9,-999.9,-999.9,-999.9,41.0,SEAWEA_UNKNOWN,SEAWEA_UNKNOWN,104.802869,19.088064,,
7655,Huong Son,Huong Son,Huong Son,Run of River,Vietnam,2012,Operational,-99.0,-999.9,-999.9,-999.9,0.48,-999.9,-999.9,3.2,-999.9,-999.9,-999.9,-999.9,462.5,-999.9,33.0,SEAWEA_UNKNOWN,SEAWEA_UNKNOWN,105.1513,18.446,,
7688,Nam Pong,Nam Pong,Nam Pong,Run of River,Vietnam,2014,Operational,-99.0,-999.9,-999.9,-999.9,0.32,-999.9,-999.9,-999.9,-999.9,-999.9,-999.9,-999.9,-99.0,-999.9,32.0,SEAWEA_UNKNOWN,SEAWEA_UNKNOWN,105.0377,19.5184,,
236,Khe Bo,SEAWEA_UNKNOWN,Khe Bo ,SEAWEA_UNKNOWN,Vietnam,2013,Operational,-999.9,-999.9,-999.9,-999.9,-999.9,-999.9,-999.9,-999.9,-999.9,-999.9,-999.9,-999.9,-999.9,-999.9,100.0,SEAWEA_UNKNOWN,SEAWEA_UNKNOWN,104.663829,19.18123,,
364,SEAWEA_UNKNOWN,SEAWEA_UNKNOWN,Nhan Hac A ,SEAWEA_UNKNOWN,Vietnam,2018,Operational,-999.9,-999.9,-999.9,-999.9,-999.9,-999.9,-999.9,-999.9,-999.9,-999.9,-999.9,-999.9,-999.9,-999.9,55.0,SEAWEA_UNKNOWN,SEAWEA_UNKNOWN,104.973,19.55474,,
7088,Binh Dien,Binh Dien,Binh Dien,Storage,Vietnam,2008,Operational,75.0,208.0,15.072738,6.870870077,8.94,381.4450307,106.7574394,324.228276095,47.6,-999.9,-999.9,64.3855772,72.68,-999.9,44.0,Hydropower,SEAWEA_UNKNOWN,107.502939,16.317194,13.0,
7136,Ta Trach,Ta Trach,Ta Trach,Storage,Vietnam,2014,Operational,56.0,1187.0,25.9190225,7.04259991,15.99,416.3393811,43.06867651,353.88847393500004,40.5,-999.9,-999.9,23.37866864,30.043,-999.9,21.0,Hydropower,SEAWEA_UNKNOWN,107.631312,16.309378,158.0,
39149,Huong Dien,Huong Dien,Huong Dien,Storage,Vietnam,2010,Operational,81.7,-99.0,-99.0,-99.0,-99.0,-99.0,-99.0,820.0,-99.0,-999.9,-999.9,-999.9,49.6,-999.9,81.0,SEAWEA_UNKNOWN,SEAWEA_UNKNOWN,107.425219,16.458762,,
7093,Dakrinh,Dakrinh,DakDrinh,Storage,Vietnam,2008,Operational,94.0,-99.0,8.210369299,4.416792286,6.97881390415,206.711806,74.8306772,175.7050351,42.4,-999.9,-999.9,393.2145172,-99.0,-999.9,125.0,Hydropower,SEAWEA_UNKNOWN,108.301463,14.977262,22.0,
7128,Nuoc Trong,Nuoc Trong,Nuoc Trong,SEAWEA_UNKNOWN,Vietnam,2013,Operational,68.0,454.0,12.69042578,5.234432114,10.786861913,303.9438354,63.40833509,290.0,56.4,-999.9,-999.9,107.5597208,-99.0,-999.9,16.5,Hydropower,SEAWEA_UNKNOWN,108.414588,15.081144,129.0,
133,Dak Re,SEAWEA_UNKNOWN,Dak Re ,SEAWEA_UNKNOWN,Vietnam,2019,Operational,-999.9,-999.9,-999.9,-999.9,-999.9,-999.9,-999.9,-999.9,-999.9,-999.9,-999.9,-999.9,-999.9,-999.9,60.0,SEAWEA_UNKNOWN,SEAWEA_UNKNOWN,108.48294,14.60551,,
411,SEAWEA_UNKNOWN,SEAWEA_UNKNOWN,Son Tra 1A ,SEAWEA_UNKNOWN,Vietnam,2019,Operational,-999.9,-999.9,-999.9,-999.9,-999.9,-999.9,-999.9,-999.9,-999.9,-999.9,-999.9,-999.9,-999.9,-999.9,30.0,SEAWEA_UNKNOWN,SEAWEA_UNKNOWN,108.42447,14.84632,,
412,SEAWEA_UNKNOWN,SEAWEA_UNKNOWN,Son Tra 1B ,SEAWEA_UNKNOWN,Vietnam,2019,Operational,-999.9,-999.9,-999.9,-999.9,-999.9,-999.9,-999.9,-999.9,-999.9,-999.9,-999.9,-999.9,-999.9,-999.9,30.0,SEAWEA_UNKNOWN,SEAWEA_UNKNOWN,108.453365,14.869594,,
7094,Dinh Binh,Dinh Binh,Dinh Binh,Storage,Vietnam,2008,Operational,55.0,571.0,13.07155892,5.773320578,12.0,230.9255238,51.69950679,226.0,21.3,-999.9,-999.9,75.40794844,30.74,-999.9,9.9,Flood control,SEAWEA_UNKNOWN,108.772744,14.157348,24.0,
7745,SEAWEA_UNKNOWN,Vinh Son,Vinh Son,Storage,Vietnam,2001,Operational,-99.0,-999.9,-999.9,-999.9,2.51,-999.9,-999.9,25.74,10.19999981,-999.9,-999.9,-999.9,88.0,-999.9,66.0,SEAWEA_UNKNOWN,SEAWEA_UNKNOWN,108.6943,14.3656,,
7130,Quang Tri,Quang Tri,Rao Quan 1 ,SEAWEA_UNKNOWN,Vietnam,2008,Operational,75.0,-99.0,10.31408012,5.292466844,8.0,200.7828173,82.17032491,163.0,19.6,-999.9,-999.9,469.2476931,-99.0,-999.9,64.0,Hydropower,SEAWEA_UNKNOWN,106.703153,16.689485,138.0,
7276,Prasae,Prasae,SEAWEA_UNKNOWN,SEAWEA_UNKNOWN,Thailand,2005,Operational,24.0,2380.0,3.944,-99.0,-99.0,322.0,-99.0,252.0,7.3,-999.9,-999.9,-999.9,-999.9,-999.9,-99.0,Irrigation,SEAWEA_UNKNOWN,101.563552,12.978951,,
7632,Ho Nui Coc,Nui Coc,Ho Nui Coc ,SEAWEA_UNKNOWN,Vietnam,2009,Operational,27.0,-99.0,-99.0,-99.0,-99.0,176.0,175.5,-99.0,18.7,-999.9,-999.9,-999.9,-99.0,-999.9,1.89,Hydropower,SEAWEA_UNKNOWN,105.730276,21.557426,,
9851,Cam Son,Cam Son,Cam Son,SEAWEA_UNKNOWN,Vietnam,1973,Operational,41.5,230.0,-99.0,-99.0,9.58,249.75,-99.0,145.3,1.0,-999.9,-999.9,-999.9,-99.0,-999.9,4.5,Irrigation,SEAWEA_UNKNOWN,106.511998,21.543569,,
7654,Ke Go,Ke Go,Ke Go,SEAWEA_UNKNOWN,Vietnam,1988,Operational,-99.0,-99.0,-99.0,-99.0,19.16,-99.0,-99.0,255.48,18.6,-999.9,-999.9,-999.9,-99.0,-999.9,2.3,SEAWEA_UNKNOWN,SEAWEA_UNKNOWN,105.925798,18.19337,,
24,SEAWEA_UNKNOWN,Nong Pla Lai,SEAWEA_UNKNOWN,SEAWEA_UNKNOWN,Thailand,1993,Operational,24.0,-999.9,2.289,-999.9,-999.9,205.85,-999.9,164.0,-999.9,-999.9,-999.9,-999.9,-999.9,-999.9,-999.9,Multiple purpose,SEAWEA_UNKNOWN,101.297011,12.934647,,
7718,SEAWEA_UNKNOWN,Ben May Dam,Song Muc,Storage,Vietnam,2008,Operational,40.0,-999.9,-999.9,-999.9,-999.9,-999.9,-999.9,200.0,-999.9,-999.9,-999.9,-999.9,16.0,-999.9,2.0,SEAWEA_UNKNOWN,SEAWEA_UNKNOWN,105.5416,19.6106,,
14726,SEAWEA_UNKNOWN,Bang Phra,SEAWEA_UNKNOWN,SEAWEA_UNKNOWN,Thailand,1974,Operational,24.0,1720.0,1.577,-999.9,15.8,117.0,110.0,-999.9,11.5,-999.9,-999.9,-999.9,-999.9,-999.9,-999.9,Multiple purpose,SEAWEA_UNKNOWN,100.9663889,13.20111111,,
7716,SEAWEA_UNKNOWN,Song Giang 2,Song Giang 2,Storage,Vietnam,2014,Operational,20.0,-999.9,-999.9,-999.9,0.18,-999.9,-999.9,1.0,-999.9,-999.9,-999.9,-999.9,407.6,-999.9,37.0,SEAWEA_UNKNOWN,SEAWEA_UNKNOWN,108.8374,12.3729,,
40294,Stung Tatay,Stung Tatai,Stung Tatai,SEAWEA_UNKNOWN,Cambodia,2014,Operational,-99.0,-99.0,-99.0,-99.0,16.0,-99.0,-99.0,439.0,-99.0,-999.9,-999.9,-999.9,188.0,-999.9,246.0,SEAWEA_UNKNOWN,SEAWEA_UNKNOWN,103.261686,11.634598,,
4114,Pergau,Pergau,Pergau,Storage,Malaysia,1997,Operational,75.0,-999.9,4.3,-999.9,4.3,62.5,-999.9,62.6,-999.9,-999.9,-999.9,-999.9,495.0,-999.9,600.0,Hydropower,SEAWEA_UNKNOWN,101.7031,5.625,,
289,SEAWEA_UNKNOWN,SEAWEA_UNKNOWN,Nam Chien 2 ,SEAWEA_UNKNOWN,Vietnam,2009,Operational,-999.9,-999.9,-999.9,-999.9,-999.9,-999.9,-999.9,-999.9,-999.9,-999.9,-999.9,-999.9,-999.9,-999.9,32.0,SEAWEA_UNKNOWN,SEAWEA_UNKNOWN,107.5028,21.5001,,
